timestamp,service,ip,cpu,memory,req_count,error_rate,is_threat
2026-03-03T05:28:18,service_4,65.207.188.203,67.55,21.88,1243,0.221,0
2026-03-01T02:34:26,service_4,82.27.22.84,91.33,88.33,2005,0.152,1
2026-03-03T18:37:44,service_9,97.117.144.236,12.39,34.91,3536,0.066,0
2026-03-02T07:03:31,service_6,122.224.106.234,97.09,95.68,2376,0.047,1
2026-03-01T11:55:04,service_10,165.209.210.93,86.45,97.32,2266,0.242,1
2026-03-02T18:28:37,service_7,57.134.69.232,75.68,60.22,745,0.166,0
2026-03-02T21:04:00,service_10,176.217.205.224,84.65,66.39,1675,0.211,0
2026-03-02T04:23:00,service_2,27.51.213.69,14.12,37.09,2007,0.26,0
2026-03-03T11:10:19,service_3,147.188.147.183,44.21,54.01,3132,0.107,0
2026-03-01T13:31:22,service_2,164.142.112.43,70.32,72.64,1501,0.16,0
2026-03-02T02:56:25,service_9,170.204.90.224,32.03,54.67,1899,0.205,0
2026-03-03T05:30:55,service_1,85.220.253.44,85.86,78.2,2684,0.12,0
2026-03-03T16:11:48,service_6,193.148.150.208,15.96,88.49,1841,0.197,0
2026-03-01T17:37:29,service_5,59.99.214.154,45.61,88.59,1243,0.074,0
2026-03-02T17:00:50,service_10,151.203.34.225,60.52,39.71,3371,0.109,0
2026-03-02T00:40:18,service_1,136.130.233.217,99.76,30.37,998,0.046,0
2026-03-01T01:14:31,service_7,33.38.200.233,24.4,71.04,3226,0.179,0
2026-03-01T07:56:45,service_1,185.48.42.9,52.12,38.86,1038,0.205,0
2026-03-03T04:12:17,service_2,202.97.227.16,58.33,40.01,2504,0.13,0
2026-03-03T00:05:08,service_5,110.53.97.189,50.84,91.54,4200,0.229,0
2026-03-03T04:25:35,service_9,203.167.175.103,55.69,27.98,1729,0.046,0
2026-03-03T21:42:24,service_9,12.155.162.16,78.63,60.45,104,0.18,0
2026-03-01T00:49:43,service_5,80.135.92.87,53.97,28.39,2061,0.017,0
2026-03-01T05:02:07,service_9,119.54.119.203,92.29,88.76,1130,0.039,1
2026-03-01T19:05:07,service_10,119.71.99.185,52.78,61.24,3566,0.289,0
2026-03-03T05:36:44,service_5,222.196.32.183,93.6,76.64,3368,0.299,0
2026-03-01T04:36:19,service_2,148.145.31.116,68.49,52.86,2130,0.067,0
2026-03-02T08:42:01,service_4,98.0.88.43,40.43,64.12,158,0.021,0
2026-03-02T21:30:48,service_6,140.179.118.119,66.8,37.17,680,0.154,0
2026-03-02T20:22:01,service_10,122.191.79.224,35.06,56.41,4820,0.142,0
2026-03-02T01:29:58,service_2,169.21.162.177,80.62,80.56,3631,0.106,0
2026-03-03T17:23:34,service_1,104.205.57.125,94.8,95.11,3398,0.218,1
2026-03-03T13:01:13,service_9,19.115.218.177,82.05,28.2,3775,0.042,0
2026-03-02T23:53:10,service_2,43.57.142.29,26.51,54.7,3730,0.242,0
2026-03-03T19:55:31,service_9,93.186.12.90,87.04,27.34,220,0.291,0
2026-03-01T22:50:42,service_8,119.28.4.85,93.37,83.65,4043,0.064,0
2026-03-02T22:47:59,service_7,174.95.101.99,46.09,24.4,2272,0.278,0
2026-03-02T21:50:23,service_9,173.105.63.32,80.66,41.39,4086,0.046,0
2026-03-02T22:08:50,service_9,149.46.28.25,36.7,92.65,599,0.224,0
2026-03-03T07:06:05,service_9,90.172.16.4,15.14,63.81,1389,0.017,0
2026-03-01T20:25:58,service_7,157.151.93.161,86.02,97.48,1082,0.282,1
2026-03-02T17:26:42,service_10,38.39.112.146,86.23,95.23,4382,0.095,1
2026-03-02T10:22:06,service_5,174.53.16.177,33.47,70.23,3342,0.039,0
2026-03-02T11:09:06,service_2,205.61.9.62,68.1,54.29,176,0.137,0
2026-03-01T08:02:45,service_6,82.36.36.220,88.2,90.92,663,0.264,1
2026-03-03T01:08:30,service_5,199.144.183.162,43.26,31.83,4433,0.002,0
2026-03-02T19:33:42,service_3,141.236.164.240,83.54,42.45,2266,0.035,0
2026-03-02T01:48:08,service_10,13.44.159.204,19.63,61.49,1825,0.215,0
2026-03-02T19:15:47,service_8,27.211.205.245,28.32,67.57,2157,0.272,0
2026-03-03T03:48:01,service_5,15.108.249.104,86.15,26.92,461,0.001,0
2026-03-02T15:17:19,service_8,31.58.238.253,79.4,67.78,4619,0.212,0
2026-03-01T21:01:44,service_3,216.194.124.64,60.48,28.39,4569,0.011,0
2026-03-01T09:49:14,service_1,20.48.227.218,43.23,61.44,2625,0.109,0
2026-03-02T00:25:21,service_2,118.162.149.201,90.37,95.5,2997,0.234,1
2026-03-03T05:47:51,service_3,180.186.27.77,89.57,50.48,2039,0.259,0
2026-03-03T06:35:57,service_1,101.163.31.159,97.86,80.81,1569,0.221,0
2026-03-02T05:32:48,service_4,200.249.253.41,39.9,89.81,2285,0.048,0
2026-03-02T21:27:45,service_8,165.155.223.187,92.06,90.2,2964,0.092,1
2026-03-04T00:55:43,service_2,166.173.29.12,87.9,91.61,2386,0.105,1
2026-03-03T12:03:42,service_6,30.67.243.247,55.85,70.96,326,0.035,0
2026-03-01T01:15:55,service_5,152.182.196.255,97.34,33.39,413,0.033,0
2026-03-02T18:16:47,service_10,133.164.195.238,49.11,74.64,4289,0.035,0
2026-03-02T21:22:14,service_9,154.228.96.119,91.54,93.72,1714,0.109,1
2026-03-01T22:37:21,service_6,153.251.209.255,16.3,69.82,1120,0.216,0
2026-03-02T10:50:44,service_7,36.6.223.1,37.03,43.2,2522,0.166,0
2026-03-03T18:59:16,service_3,165.16.16.157,27.27,69.87,4762,0.09,0
2026-03-01T02:53:33,service_7,63.156.122.93,59.31,20.03,4851,0.182,0
2026-03-03T10:07:32,service_9,57.81.34.198,39.0,53.13,3976,0.238,0
2026-03-01T23:52:07,service_5,162.131.62.185,96.38,75.2,4322,0.199,0
2026-03-02T23:11:34,service_4,13.214.166.99,65.73,27.0,2642,0.067,0
2026-03-01T21:57:36,service_8,116.153.185.17,27.92,21.83,696,0.137,0
2026-03-02T05:48:07,service_7,84.4.50.11,89.75,63.18,4149,0.12,0
2026-03-02T16:48:10,service_2,120.145.197.254,23.28,71.57,3582,0.066,0
2026-03-01T08:35:27,service_9,63.221.17.170,82.37,72.19,2141,0.275,0
2026-03-02T09:27:17,service_9,115.106.215.100,20.92,30.0,4678,0.179,0
2026-03-01T15:44:44,service_9,90.129.0.34,95.5,86.86,3595,0.249,0
2026-03-01T04:55:40,service_8,70.162.6.136,59.31,87.29,3786,0.078,0
2026-03-02T05:10:21,service_9,60.115.73.255,32.25,67.82,4069,0.188,0
2026-03-02T23:04:26,service_5,102.10.179.13,34.71,25.81,2851,0.096,0
2026-03-02T22:53:51,service_3,152.221.140.134,58.61,30.38,1852,0.019,0
2026-03-03T19:54:00,service_4,187.235.187.195,46.68,60.7,3541,0.117,0
2026-03-01T12:22:40,service_8,107.224.34.152,98.21,94.33,148,0.283,1
2026-03-03T22:45:35,service_7,106.105.184.151,36.88,49.25,4509,0.224,0
2026-03-01T12:43:54,service_4,125.56.226.149,59.15,65.24,2335,0.131,0
2026-03-01T07:00:21,service_7,21.55.185.126,12.61,45.21,1452,0.252,0
2026-03-03T01:01:51,service_7,137.56.224.40,92.76,93.55,4948,0.169,1
2026-03-01T14:42:37,service_8,202.2.118.119,12.44,68.21,1588,0.015,0
2026-03-03T09:16:46,service_7,115.13.221.26,44.12,35.87,2379,0.226,0
2026-03-01T00:51:32,service_6,173.226.148.236,85.29,93.93,1936,0.195,1
2026-03-01T19:25:33,service_4,192.137.201.124,80.31,68.88,1733,0.252,0
2026-03-02T13:33:52,service_2,112.121.179.51,65.92,37.89,4720,0.284,0
2026-03-02T10:53:45,service_10,213.109.34.0,51.85,39.22,1038,0.233,0
2026-03-01T22:17:59,service_5,186.100.73.223,24.74,43.33,4816,0.203,0
2026-03-01T00:59:28,service_2,95.243.129.128,96.24,49.75,4950,0.207,0
2026-03-02T07:27:26,service_10,83.100.142.187,66.45,27.64,1091,0.239,0
2026-03-03T11:07:24,service_6,71.138.56.21,60.93,23.08,664,0.152,0
2026-03-01T01:26:59,service_2,23.172.59.34,40.71,83.72,3651,0.288,0
2026-03-02T03:36:11,service_7,161.15.130.192,67.2,82.15,1542,0.22,0
2026-03-03T14:57:59,service_9,78.122.54.146,96.89,40.26,4060,0.139,0
2026-03-02T10:13:20,service_4,79.179.102.219,84.32,64.44,809,0.084,0
2026-03-01T22:45:12,service_7,150.252.137.169,50.57,76.29,2855,0.009,0
2026-03-03T04:29:19,service_5,204.230.51.238,86.59,33.64,2888,0.084,0
2026-03-02T21:18:15,service_9,149.156.235.47,63.65,86.01,1665,0.026,0
2026-03-01T21:36:46,service_8,193.70.148.173,74.81,56.64,4120,0.134,0
2026-03-03T15:47:52,service_4,42.243.161.134,11.55,42.07,2608,0.199,0
2026-03-02T22:06:23,service_9,49.231.194.159,43.21,61.51,2809,0.106,0
2026-03-03T23:23:09,service_4,130.236.128.100,50.84,43.0,2684,0.036,0
2026-03-01T13:15:07,service_4,108.173.205.249,58.23,77.16,4066,0.083,0
2026-03-02T16:25:39,service_2,135.164.243.50,63.06,77.02,1690,0.089,0
2026-03-01T16:51:08,service_3,191.83.81.166,42.48,42.67,2347,0.014,0
2026-03-03T06:13:15,service_8,145.105.94.118,14.91,41.91,940,0.262,0
2026-03-01T01:24:11,service_3,189.128.163.134,61.67,55.2,520,0.076,0
2026-03-03T07:08:44,service_1,173.58.148.48,92.38,94.35,1342,0.045,1
2026-03-02T11:52:14,service_2,14.196.28.77,60.66,42.79,4671,0.229,0
2026-03-02T22:09:24,service_9,153.92.144.144,64.57,79.31,3216,0.135,0
2026-03-01T21:45:10,service_5,38.180.158.56,49.84,84.51,4758,0.186,0
2026-03-01T04:51:05,service_4,49.233.109.22,64.87,75.51,1828,0.079,0
2026-03-02T16:10:46,service_3,159.174.87.80,17.31,37.99,121,0.123,0
2026-03-02T16:17:04,service_8,137.24.12.123,89.32,91.11,683,0.206,1
2026-03-03T20:34:49,service_4,30.142.168.129,93.15,79.09,3582,0.034,0
2026-03-04T00:05:49,service_3,85.136.145.235,30.23,31.17,684,0.018,0
2026-03-04T01:13:48,service_5,128.119.60.26,81.34,64.63,3697,0.037,0
2026-03-01T14:21:57,service_9,55.56.62.111,71.98,72.48,4523,0.148,0
2026-03-02T14:16:42,service_6,191.110.151.17,17.24,22.99,2151,0.008,0
2026-03-03T17:00:45,service_10,149.87.228.246,30.6,70.57,269,0.3,0
2026-03-02T10:27:16,service_8,201.99.197.34,96.34,93.18,2378,0.054,1
2026-03-01T05:22:20,service_2,1.238.3.22,62.68,67.61,3950,0.104,0
2026-03-03T13:29:10,service_6,141.71.142.137,40.0,70.26,3472,0.208,0
2026-03-01T10:20:29,service_9,56.81.228.172,35.94,90.89,400,0.136,0
2026-03-02T12:34:41,service_7,49.121.237.109,38.31,44.25,4315,0.247,0
2026-03-02T10:39:31,service_1,94.136.160.60,10.1,85.2,1636,0.156,0
2026-03-01T21:12:33,service_1,223.24.49.157,66.04,57.39,1767,0.08,0
2026-03-02T01:25:16,service_8,164.100.177.217,21.79,41.6,1094,0.009,0
2026-03-02T13:26:30,service_5,15.136.225.75,66.7,79.95,4612,0.004,0
2026-03-02T20:49:26,service_2,77.80.251.246,46.72,36.85,3880,0.284,0
2026-03-01T03:00:39,service_5,194.77.79.235,68.29,31.55,4268,0.212,0
2026-03-03T18:38:31,service_8,33.53.181.3,47.39,56.19,4615,0.043,0
2026-03-03T15:57:52,service_3,28.108.27.80,27.15,64.95,671,0.083,0
2026-03-01T17:38:10,service_9,185.193.219.93,81.1,51.12,2288,0.246,0
2026-03-04T01:43:57,service_8,57.220.238.244,35.46,42.39,1317,0.134,0
2026-03-03T02:29:39,service_7,150.107.69.100,53.59,44.93,3830,0.28,0
2026-03-02T07:39:29,service_7,95.12.106.116,88.26,93.56,2013,0.257,1
2026-03-01T18:23:37,service_7,193.48.154.103,46.97,43.86,3262,0.297,0
2026-03-02T12:23:15,service_1,164.87.144.28,81.32,68.9,1134,0.151,0
2026-03-02T18:52:49,service_8,97.241.119.22,63.12,85.23,916,0.158,0
2026-03-02T03:31:36,service_3,155.222.198.201,51.12,74.18,712,0.141,0
2026-03-02T07:19:20,service_2,71.133.158.201,97.23,45.39,2791,0.256,0
2026-03-02T20:00:55,service_8,70.37.23.221,87.34,48.5,4532,0.011,0
2026-03-01T20:01:58,service_4,62.106.242.188,16.16,67.34,840,0.13,0
2026-03-02T00:51:28,service_8,47.107.102.161,18.86,67.53,1462,0.208,0
2026-03-03T17:54:31,service_5,47.99.220.217,91.31,23.45,3036,0.112,0
2026-03-01T19:02:49,service_3,196.98.77.56,23.1,59.84,1492,0.053,0
2026-03-02T00:01:02,service_8,71.49.213.203,64.85,48.69,4877,0.043,0
2026-03-03T08:24:43,service_1,40.94.84.213,51.5,39.05,3911,0.27,0
2026-03-01T13:44:37,service_6,71.212.116.162,70.98,31.85,4913,0.09,0
2026-03-03T12:06:44,service_5,118.4.146.21,96.58,71.77,1731,0.3,0
2026-03-02T14:40:45,service_6,141.204.49.142,86.8,28.0,4808,0.089,0
2026-03-02T22:14:02,service_7,207.52.194.177,72.94,21.65,2348,0.002,0
2026-03-02T05:05:20,service_10,84.221.62.0,87.86,78.37,4169,0.25,0
2026-03-03T09:34:52,service_6,120.54.119.2,91.26,78.18,1894,0.191,0
2026-03-01T18:07:06,service_3,47.16.229.29,65.88,70.83,895,0.271,0
2026-03-01T20:18:19,service_10,145.66.211.90,68.17,43.17,3088,0.22,0
2026-03-01T20:59:31,service_3,212.35.88.55,18.11,42.13,1744,0.04,0
2026-03-02T01:25:09,service_5,76.176.181.146,58.55,92.86,1447,0.077,0
2026-03-01T18:32:20,service_6,207.37.72.13,84.22,56.14,1043,0.14,0
2026-03-02T10:57:58,service_7,188.247.195.105,16.78,76.56,4665,0.11,0
2026-03-01T22:29:06,service_8,86.235.44.86,81.16,21.04,3119,0.202,0
2026-03-03T20:19:11,service_6,103.198.53.92,70.51,63.84,987,0.202,0
2026-03-02T14:49:39,service_6,71.246.106.225,52.43,66.47,1913,0.194,0
2026-03-03T06:59:39,service_7,160.48.224.2,67.19,54.82,1055,0.042,0
2026-03-03T01:46:15,service_2,73.204.3.98,95.16,42.83,2023,0.266,0
2026-03-03T05:46:28,service_9,42.212.129.123,22.21,54.02,3533,0.176,0
2026-03-02T05:04:46,service_8,222.5.191.91,75.39,86.41,3443,0.282,0
2026-03-03T02:27:52,service_8,79.143.73.74,35.18,71.77,2034,0.257,0
2026-03-01T08:11:21,service_6,113.19.241.33,18.94,71.43,596,0.119,0
2026-03-02T04:52:16,service_8,73.168.207.11,27.08,29.16,850,0.199,0
2026-03-03T04:10:09,service_3,160.255.127.119,96.8,90.68,4725,0.062,1
2026-03-01T01:20:17,service_4,216.140.130.138,84.68,61.57,2791,0.232,0
2026-03-03T04:05:23,service_3,205.54.197.178,80.98,64.7,1164,0.162,0
2026-03-02T14:11:20,service_3,102.71.170.4,81.87,28.24,221,0.107,0
2026-03-01T06:01:08,service_7,201.24.35.140,88.98,89.39,4409,0.034,1
2026-03-02T07:51:16,service_10,106.205.198.24,15.72,53.62,993,0.136,0
2026-03-01T04:20:13,service_9,104.158.4.102,29.94,66.13,2570,0.137,0
2026-03-03T00:58:17,service_7,135.34.48.204,96.76,24.56,3592,0.206,0
2026-03-03T23:45:07,service_2,202.234.73.173,86.21,94.69,1133,0.083,1
2026-03-02T11:57:46,service_10,36.3.251.182,66.98,61.13,4446,0.088,0
2026-03-02T03:47:21,service_2,55.211.158.6,55.5,52.26,4616,0.216,0
2026-03-03T08:47:14,service_6,129.70.150.69,29.35,53.87,3815,0.12,0
2026-03-02T06:21:20,service_5,15.138.147.57,75.67,43.44,3166,0.286,0
2026-03-02T14:06:08,service_6,39.178.82.206,86.28,92.75,1165,0.167,1
2026-03-03T06:06:07,service_2,153.37.4.242,62.78,62.12,3465,0.106,0
2026-03-02T16:44:01,service_1,191.98.38.169,69.88,76.27,2456,0.18,0
2026-03-03T06:58:17,service_8,151.206.60.145,41.65,63.34,1937,0.254,0
2026-03-04T01:33:38,service_5,175.119.158.127,41.51,61.72,4803,0.068,0
2026-03-02T13:21:14,service_10,8.183.230.75,48.62,62.07,4660,0.008,0
2026-03-03T17:35:06,service_3,208.123.132.157,93.62,82.21,2338,0.211,0
2026-03-03T06:14:45,service_7,133.224.8.13,98.05,94.23,670,0.043,1
2026-03-02T12:14:39,service_4,77.172.252.44,66.99,22.3,3181,0.126,0
2026-03-03T11:36:09,service_10,74.153.101.117,40.68,47.75,4984,0.025,0
2026-03-01T12:08:20,service_2,157.234.143.29,14.73,31.81,2329,0.133,0
2026-03-03T10:55:20,service_4,152.41.38.213,48.16,65.53,4297,0.034,0
2026-03-03T15:17:27,service_8,44.247.94.243,48.69,41.24,4416,0.2,0
2026-03-02T12:44:18,service_1,170.111.243.223,14.09,49.64,1774,0.09,0
2026-03-01T06:49:09,service_6,36.224.151.148,29.01,30.29,1082,0.002,0
2026-03-03T01:45:46,service_4,162.77.228.111,77.23,33.18,4198,0.168,0
2026-03-01T06:21:58,service_1,175.131.236.55,70.12,46.56,3673,0.006,0
2026-03-01T16:55:38,service_10,7.67.189.239,92.9,84.66,3413,0.213,0
2026-03-02T18:57:47,service_10,8.255.227.89,89.87,96.81,3869,0.25,1
2026-03-02T12:32:32,service_4,91.121.97.78,92.78,26.61,3669,0.177,0
2026-03-02T08:39:04,service_6,190.153.41.228,57.16,49.68,1915,0.1,0
2026-03-03T21:02:53,service_9,152.200.237.73,25.13,58.29,1688,0.272,0
2026-03-01T22:51:55,service_3,105.140.96.120,41.44,74.55,2035,0.031,0
2026-03-03T04:57:00,service_2,180.129.25.181,33.04,33.01,1551,0.285,0
2026-03-03T08:23:53,service_10,158.135.235.156,66.52,54.8,3777,0.204,0
2026-03-03T02:05:58,service_6,42.131.7.199,89.38,68.22,2689,0.045,0
2026-03-02T16:45:25,service_5,81.210.85.158,16.15,53.17,4944,0.017,0
2026-03-03T04:35:27,service_1,216.72.153.21,55.66,43.28,3120,0.25,0
2026-03-01T16:22:00,service_10,36.4.89.218,16.91,84.82,4966,0.152,0
2026-03-02T01:19:43,service_1,51.181.168.65,51.64,61.57,3784,0.273,0
2026-03-03T19:37:05,service_9,57.21.37.183,61.45,34.12,1335,0.287,0
2026-03-02T12:15:11,service_2,195.100.242.132,50.55,80.82,4233,0.194,0
2026-03-03T01:30:31,service_9,173.113.245.212,13.52,73.07,4382,0.183,0
2026-03-03T06:31:33,service_6,25.233.72.138,42.75,88.85,4997,0.016,0
2026-03-03T00:59:47,service_9,58.97.75.106,66.78,45.1,3266,0.085,0
2026-03-01T01:58:54,service_3,207.32.237.8,75.14,69.24,2830,0.024,0
2026-03-02T18:25:45,service_7,21.216.84.234,69.73,88.76,1156,0.179,0
2026-03-01T08:14:12,service_6,138.110.233.170,94.42,43.22,1146,0.201,0
2026-03-02T15:35:05,service_9,68.223.29.250,84.61,75.41,865,0.194,0
2026-03-01T00:46:35,service_3,98.48.90.169,48.11,47.14,1854,0.103,0
2026-03-01T07:19:47,service_3,24.76.176.81,78.95,34.4,732,0.089,0
2026-03-02T12:20:18,service_9,175.1.155.85,80.93,58.08,409,0.199,0
2026-03-02T21:02:58,service_3,196.28.137.214,88.88,66.35,1429,0.054,0
2026-03-01T11:50:21,service_8,39.173.99.128,72.36,66.86,457,0.123,0
2026-03-02T00:09:16,service_5,113.181.218.112,70.87,37.81,3777,0.07,0
2026-03-03T11:36:14,service_4,209.53.0.158,31.53,92.42,3113,0.203,0
2026-03-03T05:02:13,service_7,76.87.9.28,61.34,53.04,4219,0.158,0
2026-03-03T03:33:42,service_3,101.107.52.156,96.96,81.27,2148,0.016,0
2026-03-04T00:49:47,service_9,168.24.25.50,53.25,47.84,1121,0.086,0
2026-03-02T21:28:03,service_3,31.7.209.211,78.68,40.46,3683,0.028,0
2026-03-02T07:38:05,service_1,217.93.156.195,91.95,81.25,3498,0.016,0
2026-03-03T18:39:02,service_6,76.244.164.59,55.18,37.68,1939,0.008,0
2026-03-01T05:49:19,service_3,26.148.119.142,93.77,82.94,1227,0.011,0
2026-03-04T00:00:56,service_8,151.127.226.54,92.57,55.43,3774,0.185,0
2026-03-02T01:18:00,service_3,89.250.111.110,91.53,21.43,4595,0.282,0
2026-03-01T07:22:45,service_4,92.243.103.89,64.8,51.74,2567,0.037,0
2026-03-03T01:33:50,service_2,14.79.82.83,31.46,67.92,1008,0.251,0
2026-03-01T10:50:08,service_10,130.8.99.167,54.98,60.2,2081,0.216,0
2026-03-03T03:38:31,service_10,36.38.184.162,36.21,20.12,3512,0.056,0
2026-03-03T07:56:55,service_9,204.70.168.11,70.14,59.26,4557,0.152,0
2026-03-01T19:19:21,service_8,36.160.86.110,98.95,61.56,456,0.191,0
2026-03-01T06:34:04,service_2,120.114.145.175,96.83,91.79,4866,0.221,1
2026-03-02T12:31:37,service_3,65.122.84.236,39.93,23.33,3906,0.294,0
2026-03-01T01:18:55,service_8,175.182.154.138,53.07,33.67,402,0.088,0
2026-03-03T01:00:03,service_9,130.179.244.200,99.0,93.67,3978,0.076,1
2026-03-02T21:58:25,service_1,44.214.89.102,77.8,34.33,2819,0.082,0
2026-03-03T04:35:34,service_8,128.132.203.142,81.94,52.77,3267,0.102,0
2026-03-01T04:00:09,service_9,193.98.128.25,26.81,71.91,2284,0.24,0
2026-03-04T01:24:55,service_3,33.193.0.192,75.44,25.92,4568,0.088,0
2026-03-03T11:45:34,service_8,123.250.2.137,19.23,44.59,3590,0.05,0
2026-03-01T20:37:09,service_6,187.8.84.30,49.95,53.53,3663,0.082,0
2026-03-02T15:13:45,service_3,48.193.154.107,94.56,92.0,355,0.043,1
2026-03-04T01:45:44,service_6,67.228.65.144,86.01,96.56,3066,0.115,1
2026-03-01T20:20:38,service_6,105.203.174.6,61.05,65.38,3147,0.133,0
2026-03-03T01:26:31,service_6,117.165.80.31,16.92,30.33,2383,0.075,0
2026-03-03T08:24:39,service_7,223.59.158.34,20.21,75.18,4701,0.035,0
2026-03-03T08:51:35,service_10,73.203.129.135,79.75,72.8,2439,0.208,0
2026-03-02T13:02:55,service_2,142.137.191.140,99.88,35.01,3803,0.052,0
2026-03-03T03:40:58,service_6,77.230.208.195,74.2,94.79,2946,0.213,0
2026-03-03T16:04:58,service_3,63.105.175.183,59.5,41.78,1526,0.238,0
2026-03-01T00:55:40,service_3,218.209.73.173,55.79,29.1,2039,0.237,0
2026-03-01T17:44:37,service_9,17.191.247.213,12.37,61.55,1163,0.184,0
2026-03-03T12:40:04,service_8,44.30.203.2,17.76,43.2,4406,0.123,0
2026-03-01T04:40:00,service_6,104.248.56.79,46.85,63.12,707,0.135,0
2026-03-01T00:30:49,service_9,211.250.36.47,71.21,45.84,4915,0.055,0
2026-03-02T07:30:43,service_1,169.168.96.0,96.96,52.45,1117,0.155,0
2026-03-03T07:12:56,service_4,63.190.175.132,37.37,32.15,2934,0.284,0
2026-03-02T07:42:25,service_5,77.200.71.35,87.94,98.52,1125,0.188,1
2026-03-01T09:55:44,service_10,89.34.232.242,65.3,27.01,4856,0.046,0
2026-03-01T08:14:36,service_10,72.114.251.26,69.29,74.05,437,0.248,0
2026-03-02T05:52:36,service_10,145.38.203.133,12.55,23.41,2268,0.195,0
2026-03-02T08:05:14,service_8,182.189.200.127,79.03,51.24,4569,0.087,0
2026-03-03T08:09:13,service_7,206.71.118.141,96.1,56.22,2536,0.136,0
2026-03-02T02:39:49,service_8,5.103.40.69,71.98,31.86,1771,0.102,0
2026-03-03T23:22:47,service_6,211.153.64.238,22.93,84.61,3366,0.039,0
2026-03-02T11:41:32,service_8,118.15.107.214,43.35,62.12,1103,0.08,0
2026-03-01T16:57:58,service_7,172.241.124.170,32.31,27.26,3525,0.074,0
2026-03-02T13:22:29,service_10,151.82.252.62,87.88,31.98,2661,0.057,0
2026-03-01T06:14:10,service_5,143.198.233.178,24.34,94.7,4174,0.007,0
2026-03-02T14:25:38,service_4,196.137.41.168,95.07,57.91,4878,0.106,0
2026-03-01T06:03:29,service_8,62.235.99.106,14.55,57.12,2440,0.161,0
2026-03-02T17:46:39,service_6,191.174.100.24,86.25,52.32,3403,0.11,0
2026-03-03T05:33:06,service_9,142.217.247.254,46.05,62.77,2464,0.022,0
2026-03-01T13:51:47,service_10,64.47.165.100,55.38,77.33,1073,0.039,0
2026-03-03T11:42:24,service_9,27.86.167.80,18.7,47.99,3095,0.226,0
2026-03-01T19:58:04,service_1,200.37.0.154,27.92,58.18,418,0.041,0
2026-03-04T02:09:12,service_10,159.115.102.161,39.97,55.53,4323,0.042,0
2026-03-03T08:10:30,service_10,54.106.29.172,93.82,43.89,2551,0.178,0
2026-03-03T12:00:06,service_10,58.156.172.210,55.66,58.23,2555,0.142,0
2026-03-03T01:19:09,service_7,185.176.62.15,11.5,44.84,4881,0.092,0
2026-03-02T06:57:32,service_10,203.106.246.69,90.89,85.41,3987,0.08,0
2026-03-01T00:42:46,service_4,53.176.215.85,69.0,92.9,520,0.175,0
2026-03-03T23:47:31,service_7,107.90.9.46,25.35,67.18,1310,0.246,0
2026-03-02T21:42:45,service_4,115.152.252.221,31.8,62.94,255,0.132,0
2026-03-02T23:30:37,service_9,214.190.94.40,47.69,50.97,3963,0.262,0
2026-03-02T00:54:49,service_4,190.243.81.208,76.23,24.67,4694,0.098,0
2026-03-02T07:57:01,service_3,144.131.237.178,69.6,59.41,3865,0.274,0
2026-03-02T21:35:27,service_5,77.65.241.59,40.81,46.57,4066,0.058,0
2026-03-04T00:15:15,service_5,99.63.208.7,32.19,61.86,2467,0.211,0
2026-03-03T15:26:31,service_9,25.202.157.196,72.12,56.68,2340,0.086,0
2026-03-02T19:27:21,service_7,107.152.46.232,61.61,60.74,2927,0.286,0
2026-03-03T05:09:44,service_2,133.210.46.216,82.42,41.78,2937,0.277,0
2026-03-03T16:05:46,service_9,65.73.203.102,69.04,76.05,2321,0.28,0
2026-03-03T20:06:54,service_10,151.140.104.109,72.66,30.3,2060,0.073,0
2026-03-02T01:19:22,service_1,123.35.35.207,70.29,59.83,920,0.124,0
2026-03-01T01:52:33,service_1,136.81.82.147,74.56,27.54,4608,0.293,0
2026-03-01T07:58:17,service_8,182.199.175.84,24.21,68.97,4011,0.195,0
2026-03-03T20:46:51,service_1,172.145.149.28,78.03,41.54,832,0.196,0
2026-03-02T20:48:00,service_1,164.253.61.190,30.9,75.4,1534,0.125,0
2026-03-02T21:45:16,service_3,165.5.90.24,97.54,96.67,2471,0.263,1
2026-03-02T16:01:22,service_6,201.46.97.16,10.83,62.6,2431,0.136,0
2026-03-03T19:22:45,service_3,25.70.49.135,67.72,59.32,4230,0.14,0
2026-03-03T01:27:31,service_8,15.45.245.226,27.35,28.45,2207,0.216,0
2026-03-03T18:49:38,service_4,143.176.0.126,11.27,45.28,1537,0.183,0
2026-03-03T11:00:29,service_6,146.133.196.217,67.49,50.41,810,0.12,0
2026-03-01T03:48:47,service_4,215.200.157.172,18.58,93.63,155,0.078,0
2026-03-03T09:53:49,service_5,61.97.142.238,31.2,76.53,4871,0.217,0
2026-03-03T09:56:03,service_1,108.97.70.35,11.03,69.03,1068,0.14,0
2026-03-01T02:07:47,service_5,128.84.199.209,24.37,71.46,1061,0.192,0
2026-03-01T12:39:10,service_3,145.166.41.252,94.66,47.57,4017,0.046,0
2026-03-01T15:42:42,service_9,31.2.109.75,77.3,65.43,3957,0.227,0
2026-03-02T18:04:20,service_10,19.183.157.90,82.18,81.92,770,0.158,0
2026-03-01T01:17:00,service_2,172.75.79.43,57.54,47.13,605,0.249,0
2026-03-01T16:30:39,service_3,204.166.195.132,91.26,35.16,2787,0.256,0
2026-03-03T20:41:02,service_8,143.159.220.59,49.77,71.02,844,0.27,0
2026-03-03T11:40:56,service_7,103.57.1.30,50.09,24.17,3842,0.169,0
2026-03-01T02:40:54,service_1,216.248.21.39,60.29,70.46,3343,0.076,0
2026-03-02T03:42:07,service_9,118.175.73.151,91.36,95.7,593,0.28,1
2026-03-01T23:05:13,service_7,12.138.47.245,91.13,96.46,3167,0.298,1
2026-03-01T12:03:39,service_7,66.142.242.220,44.42,85.22,757,0.205,0
2026-03-03T02:27:42,service_6,63.237.34.155,69.56,60.45,1071,0.054,0
2026-03-01T16:22:10,service_4,14.100.255.13,58.35,59.66,128,0.227,0
2026-03-01T16:43:24,service_7,8.96.27.178,98.06,54.73,4457,0.114,0
2026-03-01T08:29:03,service_4,62.83.82.145,30.67,54.55,1024,0.01,0
2026-03-02T06:41:01,service_1,8.82.254.182,69.42,66.12,2071,0.062,0
2026-03-01T09:49:17,service_1,123.107.27.33,19.08,22.52,2104,0.222,0
2026-03-01T09:41:24,service_1,61.44.89.252,46.2,37.58,1247,0.151,0
2026-03-01T21:49:09,service_6,45.15.147.143,36.03,81.18,4830,0.179,0
2026-03-01T03:28:02,service_3,155.61.117.57,70.53,44.05,4370,0.066,0
2026-03-04T00:25:30,service_3,33.92.11.247,37.05,24.57,3599,0.167,0
2026-03-01T22:59:13,service_7,112.142.206.76,14.22,45.83,4396,0.096,0
2026-03-01T17:27:42,service_9,22.223.9.113,47.47,31.19,3979,0.072,0
2026-03-03T11:20:56,service_8,218.248.151.144,30.28,84.32,572,0.169,0
2026-03-02T14:56:25,service_4,178.41.199.211,97.1,61.8,2188,0.061,0
2026-03-03T22:33:14,service_2,55.30.84.77,68.2,89.17,4487,0.217,0
2026-03-03T17:46:00,service_10,166.15.52.179,27.14,40.13,423,0.262,0
2026-03-02T12:53:18,service_9,147.148.240.175,26.93,77.13,1877,0.144,0
2026-03-02T06:41:25,service_1,47.94.245.81,88.25,44.97,1835,0.281,0
2026-03-02T12:11:22,service_8,78.210.247.247,96.59,28.8,2087,0.209,0
2026-03-02T02:16:21,service_6,98.86.156.140,73.34,49.75,2418,0.114,0
2026-03-01T04:44:47,service_9,38.100.59.211,58.03,46.94,4173,0.14,0
2026-03-02T14:54:42,service_6,148.147.132.202,82.25,74.18,1764,0.111,0
2026-03-02T11:32:44,service_3,57.230.125.65,47.25,62.19,232,0.078,0
2026-03-02T22:11:21,service_3,173.155.149.199,94.13,63.44,1707,0.099,0
2026-03-03T11:12:17,service_6,10.35.229.125,44.19,82.5,2208,0.229,0
2026-03-03T09:59:13,service_8,122.0.165.171,53.98,74.27,1478,0.22,0
2026-03-01T07:03:49,service_3,71.186.79.161,41.7,30.5,4541,0.297,0
2026-03-03T16:17:06,service_2,82.37.12.184,96.15,59.3,497,0.229,0
2026-03-03T09:24:17,service_3,81.5.201.128,47.12,83.19,174,0.066,0
2026-03-03T16:31:19,service_10,198.35.173.87,51.04,24.53,4058,0.198,0
2026-03-03T22:43:53,service_1,220.181.92.246,11.42,59.92,4436,0.217,0
2026-03-02T11:42:03,service_7,41.120.133.201,58.22,41.5,1568,0.032,0
2026-03-01T22:17:00,service_9,176.227.49.114,18.67,31.17,2167,0.245,0
2026-03-03T12:37:12,service_7,150.170.93.5,34.06,49.77,3860,0.17,0
2026-03-01T00:16:29,service_2,85.22.45.76,99.12,36.94,359,0.028,0
2026-03-03T20:25:17,service_8,135.22.173.143,85.14,89.89,3654,0.193,1
2026-03-02T15:00:46,service_9,157.22.82.146,39.81,93.3,448,0.069,0
2026-03-01T13:15:58,service_5,69.64.239.26,91.11,71.92,481,0.277,0
2026-03-03T03:19:16,service_1,197.70.251.35,71.6,41.03,1569,0.279,0
2026-03-03T19:08:56,service_7,40.17.49.233,38.3,92.11,730,0.09,0
2026-03-02T10:17:06,service_9,215.211.194.22,60.76,62.5,2817,0.115,0
2026-03-01T09:38:23,service_2,133.255.138.138,76.58,79.29,4202,0.224,0
2026-03-02T03:53:01,service_2,170.237.6.241,41.13,27.33,2890,0.182,0
2026-03-01T01:25:36,service_6,203.44.133.206,65.25,64.67,342,0.19,0
2026-03-01T23:51:05,service_9,62.135.122.148,80.52,53.79,3175,0.13,0
2026-03-03T04:00:17,service_2,217.207.18.94,94.28,96.78,772,0.08,1
2026-03-01T17:44:55,service_7,55.45.100.227,44.2,78.79,2694,0.108,0
2026-03-01T10:58:16,service_5,37.148.130.37,18.24,90.72,937,0.04,0
2026-03-03T03:04:26,service_7,134.37.117.20,26.87,53.66,946,0.008,0
2026-03-03T19:28:30,service_6,170.31.234.94,41.85,26.98,3255,0.004,0
2026-03-01T05:05:43,service_9,52.25.215.83,47.24,78.44,2088,0.172,0
2026-03-03T06:36:59,service_5,74.239.146.72,25.26,48.55,2298,0.148,0
2026-03-01T03:54:54,service_8,111.40.211.4,15.69,52.6,730,0.108,0
2026-03-02T12:58:23,service_10,200.80.74.68,94.98,74.07,1701,0.137,0
2026-03-01T15:31:29,service_10,86.153.83.179,22.19,20.51,3212,0.241,0
2026-03-03T17:04:26,service_10,50.207.64.204,39.66,45.11,1215,0.09,0
2026-03-03T18:59:17,service_3,73.147.13.195,64.29,72.15,3362,0.291,0
2026-03-04T02:05:03,service_10,138.53.27.19,36.23,72.12,2085,0.098,0
2026-03-03T11:57:48,service_10,33.47.86.80,35.23,78.94,1736,0.178,0
2026-03-02T04:21:04,service_8,165.218.14.124,59.11,71.13,1817,0.132,0
2026-03-02T19:18:23,service_7,69.225.16.243,36.22,71.96,4190,0.042,0
2026-03-01T18:01:29,service_7,212.112.55.10,37.25,38.95,3188,0.022,0
2026-03-02T16:18:25,service_9,178.172.197.227,99.16,55.94,3526,0.163,0
2026-03-03T10:25:47,service_9,112.67.91.128,81.16,46.96,4964,0.191,0
2026-03-03T12:47:11,service_6,191.170.210.13,17.65,77.67,1462,0.194,0
2026-03-03T10:57:29,service_7,111.130.114.214,13.99,93.77,2816,0.29,0
2026-03-01T11:21:31,service_9,125.101.39.243,48.74,20.79,4349,0.167,0
2026-03-01T02:37:18,service_8,216.59.205.28,71.89,36.58,4921,0.207,0
2026-03-03T05:25:01,service_5,75.149.199.210,23.57,94.83,3507,0.276,0
2026-03-04T01:38:07,service_6,122.237.128.65,17.73,82.35,2655,0.103,0
2026-03-03T22:39:17,service_2,168.204.52.205,80.58,59.08,3689,0.217,0
2026-03-03T04:49:03,service_6,20.94.31.49,95.66,88.25,995,0.203,1
2026-03-03T23:37:50,service_3,172.56.159.73,24.79,93.79,4621,0.048,0
2026-03-02T20:31:24,service_7,47.60.162.221,60.39,91.88,1611,0.056,0
2026-03-02T14:29:02,service_4,66.84.231.75,69.16,49.67,3782,0.178,0
2026-03-01T03:33:11,service_2,20.160.80.15,45.0,72.86,4829,0.031,0
2026-03-01T22:05:47,service_8,149.86.140.0,88.48,34.02,1033,0.079,0
2026-03-01T16:43:14,service_10,56.58.24.86,87.64,59.58,3283,0.183,0
2026-03-03T05:34:59,service_10,220.44.254.117,62.83,46.09,1513,0.244,0
2026-03-03T13:44:06,service_2,223.172.54.204,73.54,42.31,1197,0.094,0
2026-03-03T06:23:46,service_3,55.163.230.150,31.47,28.77,4284,0.117,0
2026-03-02T10:14:07,service_8,130.109.58.33,63.68,63.11,4502,0.208,0
2026-03-02T04:59:27,service_8,181.180.47.53,68.07,94.99,2466,0.042,0
2026-03-02T05:39:49,service_3,18.240.214.46,90.39,88.11,1698,0.245,1
2026-03-03T10:44:02,service_8,120.244.18.128,96.74,57.91,3504,0.213,0
2026-03-02T10:33:49,service_4,74.130.143.121,49.95,32.54,2492,0.01,0
2026-03-01T23:07:14,service_10,187.26.146.65,30.24,41.65,4157,0.165,0
2026-03-03T01:33:03,service_6,143.166.167.89,20.19,28.57,4540,0.247,0
2026-03-03T10:31:36,service_7,168.223.154.196,13.74,73.92,938,0.221,0
2026-03-03T21:48:43,service_1,143.153.114.170,68.83,38.56,3784,0.079,0
2026-03-03T18:02:10,service_2,76.124.88.54,87.6,26.52,2041,0.063,0
2026-03-03T06:43:41,service_10,67.197.161.150,76.39,71.69,3607,0.05,0
2026-03-02T17:44:13,service_1,45.240.146.16,22.53,35.5,4770,0.105,0
2026-03-02T20:30:54,service_5,153.105.209.245,35.3,60.41,2470,0.172,0
2026-03-01T08:21:29,service_2,146.44.197.90,95.72,58.58,1210,0.289,0
2026-03-03T13:12:16,service_3,154.109.171.129,80.71,88.91,1187,0.075,0
2026-03-04T01:27:49,service_7,214.118.248.42,74.03,82.14,4109,0.043,0
2026-03-03T01:31:46,service_2,82.138.13.238,66.92,67.09,862,0.121,0
2026-03-02T16:06:31,service_8,105.79.101.174,77.48,72.1,4098,0.098,0
2026-03-04T01:39:56,service_8,89.169.239.235,10.22,78.06,3034,0.255,0
2026-03-01T11:19:26,service_4,126.145.51.102,81.61,49.83,4152,0.081,0
2026-03-01T01:12:51,service_10,113.73.230.175,84.55,45.33,4075,0.236,0
2026-03-02T22:48:59,service_1,152.204.180.42,94.39,97.2,1117,0.279,1
2026-03-03T01:06:02,service_7,133.41.149.146,24.22,54.24,1757,0.299,0
2026-03-01T18:39:10,service_5,95.243.29.77,91.85,86.16,864,0.196,0
2026-03-01T08:57:39,service_3,120.203.142.101,32.54,47.89,524,0.119,0
2026-03-01T05:43:55,service_2,67.157.176.38,37.5,72.46,879,0.0,0
2026-03-02T11:21:55,service_8,36.127.86.6,52.91,29.95,176,0.002,0
2026-03-02T08:42:03,service_3,2.248.107.104,40.92,29.04,4013,0.021,0
2026-03-01T23:17:28,service_6,187.163.133.77,44.48,74.81,3111,0.264,0
2026-03-02T15:13:09,service_3,76.95.83.202,22.34,78.01,1270,0.021,0
2026-03-03T23:58:27,service_6,41.15.147.202,60.7,65.77,1845,0.188,0
2026-03-01T20:33:23,service_4,89.167.65.149,23.62,50.88,810,0.269,0
2026-03-01T11:56:37,service_6,75.51.64.127,22.6,29.24,3617,0.094,0
2026-03-03T07:43:00,service_10,213.240.30.8,93.3,94.6,2434,0.234,1
2026-03-01T13:23:32,service_5,219.14.223.121,72.14,83.59,1783,0.155,0
2026-03-02T07:33:27,service_1,93.3.45.206,55.86,76.09,2060,0.148,0
2026-03-03T01:31:01,service_9,96.149.72.80,20.15,57.47,198,0.296,0
2026-03-03T01:01:34,service_10,223.54.64.19,94.05,29.9,3547,0.11,0
2026-03-03T08:50:53,service_2,159.115.23.114,71.46,77.2,236,0.176,0
2026-03-01T07:48:11,service_7,63.135.247.69,11.24,36.18,4250,0.086,0
2026-03-03T15:42:03,service_7,106.152.125.59,74.14,77.53,775,0.192,0
2026-03-02T04:26:00,service_3,14.254.240.216,86.19,98.13,4494,0.098,1
2026-03-02T15:53:12,service_2,131.19.124.141,62.78,77.24,2640,0.21,0
2026-03-03T12:27:44,service_8,76.170.38.159,86.29,92.78,550,0.093,1
2026-03-02T09:28:51,service_3,212.2.139.165,76.75,75.55,192,0.049,0
2026-03-01T17:21:16,service_5,31.250.162.12,95.77,59.23,1467,0.112,0
2026-03-03T13:07:24,service_2,7.141.105.204,77.48,85.51,340,0.101,0
2026-03-01T02:43:40,service_10,26.28.50.175,48.64,59.29,731,0.149,0
2026-03-02T14:54:34,service_3,168.125.212.71,55.97,24.16,3112,0.047,0
2026-03-02T09:34:39,service_2,54.203.225.173,79.6,87.07,1971,0.222,0
2026-03-03T21:07:29,service_3,76.179.192.235,85.69,92.0,1566,0.279,1
2026-03-01T05:11:49,service_7,176.209.229.154,87.17,61.46,1939,0.097,0
2026-03-01T15:52:57,service_2,217.118.10.193,47.46,74.02,4782,0.112,0
2026-03-01T14:11:45,service_9,35.180.5.4,55.18,87.65,476,0.286,0
2026-03-02T05:24:43,service_5,2.39.78.110,16.2,54.88,2781,0.026,0
2026-03-04T00:59:14,service_5,214.108.151.92,51.11,47.67,2087,0.139,0
2026-03-02T18:30:39,service_4,11.151.64.161,63.25,57.0,4577,0.228,0
2026-03-03T08:48:52,service_4,98.92.66.217,32.06,20.48,4536,0.104,0
2026-03-02T14:37:16,service_1,17.219.196.182,85.56,85.79,3182,0.255,0
2026-03-01T09:51:13,service_4,176.10.165.93,75.45,27.8,3539,0.148,0
2026-03-02T08:21:38,service_2,108.244.92.191,15.39,94.77,459,0.276,0
2026-03-01T18:01:46,service_6,209.171.58.138,90.76,58.98,3855,0.292,0
2026-03-01T08:27:42,service_7,22.189.5.200,17.64,27.17,713,0.178,0
2026-03-02T23:00:57,service_5,73.26.50.88,15.61,69.68,2238,0.255,0
2026-03-02T10:04:39,service_6,160.78.206.181,93.34,49.47,2705,0.136,0
2026-03-02T06:07:28,service_10,113.174.158.2,31.03,90.77,992,0.047,0
2026-03-03T17:48:23,service_9,101.164.109.120,24.79,54.95,3035,0.289,0
2026-03-01T19:20:14,service_2,214.107.76.120,28.69,43.12,840,0.047,0
2026-03-04T01:06:21,service_1,174.175.196.62,71.74,81.98,1861,0.251,0
2026-03-02T01:08:57,service_6,130.93.253.121,39.5,26.84,3346,0.154,0
2026-03-01T12:39:53,service_1,156.82.230.100,70.95,39.51,3412,0.256,0
2026-03-03T15:22:22,service_2,44.87.177.204,86.53,96.73,197,0.019,1
2026-03-01T03:12:28,service_7,114.138.185.191,80.29,36.67,3149,0.206,0
2026-03-02T09:39:38,service_2,24.224.145.199,94.38,26.3,278,0.299,0
2026-03-04T02:23:24,service_2,3.132.11.57,27.8,68.45,2816,0.037,0
2026-03-02T00:39:44,service_7,177.52.88.34,94.81,23.8,3335,0.149,0
2026-03-02T22:50:04,service_3,152.251.38.83,44.45,52.0,2352,0.084,0
2026-03-01T17:37:54,service_4,22.170.57.171,89.51,22.6,2517,0.15,0
2026-03-03T21:24:26,service_9,183.225.173.116,90.75,92.61,2141,0.189,1
2026-03-03T07:23:54,service_6,122.180.45.220,82.2,79.61,4029,0.163,0
2026-03-01T05:11:43,service_7,57.93.41.219,53.62,88.45,2315,0.054,0
2026-03-01T15:25:52,service_5,1.118.17.16,38.7,36.43,579,0.243,0
2026-03-01T21:44:51,service_4,93.130.247.91,52.45,46.81,1407,0.03,0
2026-03-01T19:09:57,service_1,65.12.207.225,69.12,39.99,1897,0.173,0
2026-03-03T17:56:28,service_3,137.241.169.100,98.44,49.13,1542,0.071,0
2026-03-03T01:46:17,service_10,20.93.59.2,38.62,75.36,331,0.211,0
2026-03-02T09:15:37,service_4,81.211.94.59,41.65,62.57,4132,0.163,0
2026-03-01T03:36:54,service_8,213.166.34.109,94.02,88.22,105,0.1,1
2026-03-01T08:21:25,service_3,133.33.107.77,65.27,80.48,2750,0.018,0
2026-03-02T21:54:43,service_2,85.219.148.69,23.29,72.85,4411,0.258,0
2026-03-01T10:16:48,service_7,84.7.104.136,96.45,48.02,4900,0.03,0
2026-03-03T00:42:33,service_7,53.120.19.252,37.16,30.23,4091,0.195,0
2026-03-03T01:55:58,service_10,164.88.178.49,25.68,92.66,3023,0.067,0
2026-03-01T11:50:06,service_5,90.142.48.104,63.01,33.15,1143,0.053,0
2026-03-03T20:18:10,service_10,103.149.115.176,10.16,72.65,365,0.055,0
2026-03-02T06:05:26,service_10,195.65.46.43,38.64,80.66,952,0.281,0
2026-03-03T01:41:51,service_6,166.157.145.59,22.66,75.9,1475,0.191,0
2026-03-03T06:27:37,service_6,222.78.232.46,96.68,81.62,3758,0.003,0
2026-03-03T17:44:22,service_2,121.101.94.73,28.87,71.99,110,0.014,0
2026-03-02T12:30:02,service_7,199.39.84.205,49.44,51.47,4139,0.265,0
2026-03-02T23:20:15,service_10,203.134.21.84,41.61,48.15,1947,0.049,0
2026-03-01T15:45:56,service_6,22.75.32.31,16.63,83.43,2239,0.285,0
2026-03-02T09:38:33,service_2,169.187.176.142,16.68,32.76,4581,0.283,0
2026-03-03T21:05:47,service_8,174.196.169.75,98.02,45.35,353,0.129,0
2026-03-01T07:19:46,service_1,54.183.40.240,68.83,65.55,929,0.099,0
2026-03-02T02:32:47,service_9,90.32.35.228,97.7,50.7,2273,0.198,0
2026-03-02T07:37:35,service_9,65.178.26.19,36.77,27.19,4121,0.046,0
2026-03-03T13:55:07,service_10,99.207.55.32,42.47,52.07,4034,0.06,0
2026-03-02T08:34:12,service_2,128.197.15.232,12.32,32.81,3979,0.253,0
2026-03-02T10:25:53,service_5,168.56.25.79,37.75,49.81,846,0.193,0
2026-03-02T14:51:17,service_3,218.213.143.254,44.88,47.83,3751,0.013,0
2026-03-01T16:47:39,service_10,189.0.129.111,49.58,39.76,604,0.045,0
2026-03-02T07:02:52,service_9,146.254.216.203,72.68,27.25,3491,0.291,0
2026-03-03T13:17:17,service_9,215.83.1.191,63.08,61.52,3529,0.29,0
2026-03-01T08:59:26,service_4,169.19.36.55,71.84,90.23,4001,0.09,0
2026-03-03T06:16:07,service_10,165.129.90.253,93.57,93.68,1307,0.036,1
2026-03-01T07:00:36,service_4,218.7.182.46,78.15,32.97,1678,0.038,0
2026-03-01T04:12:01,service_3,146.173.150.174,48.1,94.12,4974,0.077,0
2026-03-03T14:55:13,service_6,179.138.77.192,90.82,92.37,2362,0.156,1
2026-03-02T14:14:24,service_10,160.82.37.113,92.54,20.93,4380,0.235,0
2026-03-03T22:42:07,service_10,200.113.52.110,20.13,31.22,920,0.277,0
2026-03-03T23:48:54,service_9,66.89.159.118,60.64,27.57,2916,0.263,0
2026-03-01T00:42:08,service_8,221.212.29.102,33.77,69.11,406,0.052,0
2026-03-01T02:07:38,service_7,34.201.70.61,46.27,66.37,417,0.119,0
2026-03-01T05:35:51,service_6,66.152.63.119,92.13,90.95,265,0.101,1
2026-03-01T10:33:15,service_2,202.116.56.117,81.43,43.32,1967,0.04,0
2026-03-02T09:34:54,service_5,145.0.70.139,97.68,53.23,3514,0.181,0
2026-03-01T22:03:48,service_7,68.132.162.66,18.04,53.13,4068,0.228,0
2026-03-02T18:04:44,service_3,37.217.169.142,88.05,81.58,637,0.093,0
2026-03-03T11:01:49,service_10,46.114.238.72,55.61,30.17,337,0.052,0
2026-03-03T02:40:32,service_6,111.185.144.43,85.5,88.56,1731,0.082,1
2026-03-03T11:36:42,service_2,146.148.57.183,84.12,57.88,350,0.073,0
2026-03-03T16:56:03,service_8,111.206.235.51,53.99,53.46,4907,0.165,0
2026-03-03T18:09:57,service_2,121.110.126.230,40.98,82.82,2435,0.008,0
2026-03-02T07:13:16,service_4,211.76.200.157,14.47,84.04,1913,0.194,0
2026-03-03T19:45:31,service_1,124.104.246.68,70.99,40.18,172,0.142,0
2026-03-02T13:37:14,service_4,89.50.9.216,21.91,32.99,2167,0.183,0
2026-03-02T02:25:15,service_5,193.3.255.176,94.87,73.46,3571,0.269,0
2026-03-01T05:22:33,service_5,164.134.92.70,86.64,54.42,4365,0.247,0
2026-03-02T07:55:22,service_6,53.167.136.103,45.74,27.67,4699,0.194,0
2026-03-02T20:40:49,service_2,166.159.60.210,64.81,42.39,2854,0.297,0
2026-03-01T17:49:44,service_5,55.6.206.147,67.65,84.61,1643,0.045,0
2026-03-01T00:51:21,service_10,211.212.56.65,78.89,87.48,3410,0.198,0
2026-03-01T08:27:03,service_5,32.217.137.134,71.27,74.1,2225,0.272,0
2026-03-02T20:50:21,service_10,56.227.141.225,46.41,75.25,1655,0.103,0
2026-03-02T04:23:07,service_8,154.214.45.213,74.2,71.47,3036,0.152,0
2026-03-02T04:46:29,service_3,106.35.132.250,86.09,83.05,2506,0.029,0
2026-03-02T05:00:17,service_3,198.94.7.53,21.51,39.4,2849,0.196,0
2026-03-01T13:22:07,service_7,21.206.115.212,30.0,36.75,2814,0.112,0
2026-03-01T00:43:37,service_1,181.40.49.179,62.7,54.78,4880,0.174,0
2026-03-01T17:07:10,service_2,36.248.26.127,65.86,55.42,3226,0.159,0
2026-03-03T18:04:32,service_4,58.100.222.61,47.18,85.31,2907,0.123,0
2026-03-03T02:35:04,service_6,45.28.71.193,61.25,88.0,1577,0.234,0
2026-03-03T10:00:24,service_1,31.74.175.212,53.88,67.33,138,0.136,0
2026-03-03T16:31:46,service_3,2.79.122.91,28.84,78.02,4110,0.236,0
2026-03-03T19:45:59,service_7,102.252.111.204,80.18,29.71,3404,0.129,0
2026-03-01T12:25:21,service_6,162.68.225.84,52.97,20.35,215,0.268,0
2026-03-03T12:35:31,service_4,82.133.125.255,85.06,96.07,2920,0.094,1
2026-03-03T19:58:01,service_2,73.231.154.24,19.24,57.75,474,0.089,0
2026-03-03T22:53:35,service_6,116.112.177.239,36.17,74.59,3652,0.266,0
2026-03-02T16:25:40,service_6,21.251.29.105,99.59,45.7,1643,0.049,0
2026-03-01T03:55:55,service_4,104.194.11.184,88.36,98.83,279,0.177,1
2026-03-02T11:47:18,service_1,2.196.52.211,25.21,47.49,3173,0.263,0
2026-03-02T20:09:39,service_1,9.13.149.208,99.92,95.28,495,0.207,1
2026-03-03T15:05:28,service_8,184.160.65.141,47.51,48.52,1354,0.062,0
2026-03-01T16:45:30,service_2,81.138.64.224,71.72,20.7,4362,0.081,0
2026-03-01T20:42:14,service_2,2.215.221.46,64.51,30.29,4290,0.216,0
2026-03-01T15:33:45,service_4,99.159.202.49,20.6,28.55,1736,0.233,0
2026-03-01T19:34:43,service_7,180.159.90.142,84.83,92.98,2519,0.048,0
2026-03-03T22:42:39,service_8,142.231.86.209,59.33,88.28,2808,0.07,0
2026-03-03T13:58:58,service_10,221.127.138.168,11.15,26.68,4147,0.045,0
2026-03-02T21:03:58,service_2,27.139.246.138,18.11,58.38,2196,0.193,0
2026-03-03T05:55:22,service_1,17.175.13.91,51.11,93.3,917,0.244,0
2026-03-02T19:55:01,service_6,69.127.43.128,88.67,83.92,3589,0.222,0
2026-03-01T08:33:30,service_3,164.119.220.219,97.78,95.3,2792,0.107,1
2026-03-03T07:31:06,service_2,156.32.215.250,49.39,66.64,3152,0.244,0
2026-03-02T21:50:16,service_5,8.253.73.255,26.46,50.06,3259,0.207,0
2026-03-01T05:20:42,service_3,52.22.172.208,53.04,51.63,1026,0.04,0
2026-03-02T17:55:25,service_2,130.143.79.180,75.38,93.62,3508,0.273,0
2026-03-01T16:43:06,service_10,1.186.86.2,53.44,62.67,3210,0.234,0
2026-03-01T05:28:41,service_3,9.35.106.48,65.02,84.69,4057,0.276,0
2026-03-03T01:14:56,service_9,119.214.83.158,88.92,91.46,4823,0.217,1
2026-03-03T21:57:56,service_9,24.121.113.63,30.16,91.68,4385,0.206,0
2026-03-02T22:07:45,service_8,207.195.49.198,65.64,52.46,2932,0.199,0
2026-03-01T17:33:43,service_10,164.61.62.126,67.73,31.15,547,0.003,0
2026-03-01T23:11:40,service_8,163.214.115.91,94.09,57.92,1454,0.022,0
2026-03-02T09:31:37,service_1,182.130.185.237,54.25,38.07,4252,0.067,0
2026-03-03T04:37:04,service_8,121.164.73.201,67.9,50.25,3738,0.24,0
2026-03-01T10:58:59,service_2,201.221.194.104,50.33,84.24,4174,0.224,0
2026-03-01T10:11:32,service_10,119.81.215.61,93.24,97.08,2595,0.267,1
2026-03-01T15:29:48,service_6,211.157.222.201,60.61,69.09,3076,0.248,0
2026-03-02T06:35:01,service_10,114.73.153.68,83.49,83.32,3975,0.215,0
2026-03-01T07:50:59,service_6,217.251.187.242,94.88,88.02,2491,0.164,1
2026-03-01T06:58:58,service_8,23.73.165.128,43.65,27.97,1250,0.247,0
2026-03-02T13:05:58,service_4,68.160.101.113,76.83,50.69,1636,0.036,0
2026-03-02T18:41:42,service_4,52.133.30.120,86.7,36.17,2868,0.032,0
2026-03-01T19:57:29,service_10,157.140.46.126,47.3,89.5,1109,0.232,0
2026-03-03T17:55:47,service_3,71.124.138.63,50.55,69.38,4186,0.001,0
2026-03-03T20:56:18,service_10,141.108.227.203,76.26,61.49,4056,0.277,0
2026-03-02T08:18:22,service_3,26.250.252.22,80.3,88.26,1151,0.031,0
2026-03-01T08:00:02,service_7,3.178.17.48,69.18,65.46,3529,0.294,0
2026-03-01T17:08:57,service_6,200.131.95.254,92.43,77.18,2509,0.136,0
2026-03-03T17:43:57,service_9,7.124.24.23,22.0,50.96,2548,0.253,0
2026-03-01T08:58:00,service_9,156.170.99.54,59.3,43.54,1880,0.06,0
2026-03-03T14:00:19,service_3,113.154.243.190,66.18,41.79,1556,0.151,0
2026-03-03T09:48:23,service_6,190.160.67.239,72.49,44.18,4706,0.144,0
2026-03-03T15:17:05,service_9,10.13.194.96,61.36,70.04,2442,0.263,0
2026-03-01T13:33:52,service_7,30.99.166.177,48.01,20.96,1290,0.016,0
2026-03-03T00:29:49,service_5,189.64.198.155,15.09,40.02,2152,0.044,0
2026-03-01T14:34:16,service_9,23.213.251.118,15.58,78.83,364,0.108,0
2026-03-03T20:19:59,service_9,15.243.196.58,50.73,66.21,1937,0.223,0
2026-03-02T06:03:20,service_5,190.208.137.225,60.51,37.82,484,0.278,0
2026-03-01T11:59:23,service_6,201.14.198.223,44.88,91.75,4623,0.016,0
2026-03-03T05:49:55,service_8,98.214.247.136,76.93,35.23,1947,0.273,0
2026-03-02T04:08:46,service_9,143.121.49.114,73.42,68.57,1709,0.233,0
2026-03-02T22:10:48,service_2,142.56.49.100,96.79,42.06,1631,0.289,0
2026-03-03T16:25:27,service_3,222.191.28.118,89.19,90.91,4884,0.254,1
2026-03-03T22:40:00,service_1,210.44.78.12,10.51,54.97,1359,0.279,0
2026-03-01T14:44:13,service_5,167.126.246.143,63.72,78.02,4118,0.237,0
2026-03-02T22:01:10,service_9,18.244.143.188,59.51,25.47,1901,0.287,0
2026-03-03T00:36:07,service_9,149.29.26.124,56.85,78.97,4499,0.121,0
2026-03-01T14:24:09,service_6,40.216.196.79,41.45,86.25,3055,0.088,0
2026-03-03T08:43:18,service_9,109.65.120.164,95.53,66.37,172,0.034,0
2026-03-02T03:40:01,service_10,188.65.196.35,41.14,38.03,2097,0.288,0
2026-03-02T01:14:22,service_2,202.134.59.55,71.43,44.07,3261,0.077,0
2026-03-02T23:44:10,service_6,193.43.135.154,75.16,21.85,4313,0.241,0
2026-03-03T13:07:30,service_4,70.25.101.210,50.1,23.29,2724,0.154,0
2026-03-03T16:19:50,service_9,49.235.239.20,95.34,32.55,4468,0.002,0
2026-03-01T00:53:22,service_7,93.216.193.151,15.89,70.28,951,0.062,0
2026-03-03T02:37:11,service_7,197.88.86.0,84.59,85.9,690,0.224,0
2026-03-02T09:13:18,service_2,40.26.230.129,23.84,54.44,700,0.016,0
2026-03-01T17:58:17,service_4,108.109.211.212,81.48,61.86,2218,0.122,0
2026-03-01T22:39:51,service_7,209.247.47.18,50.6,50.33,1069,0.16,0
2026-03-02T11:19:03,service_10,185.98.219.92,67.73,66.38,472,0.21,0
2026-03-01T02:22:08,service_5,69.78.88.205,16.53,89.6,808,0.084,0
2026-03-02T06:22:22,service_1,54.48.87.95,93.4,48.61,3982,0.047,0
2026-03-02T18:57:00,service_9,30.11.51.45,29.79,76.01,2516,0.288,0
2026-03-02T07:27:12,service_6,200.238.245.128,22.97,70.8,191,0.166,0
2026-03-01T19:25:03,service_2,91.182.220.176,93.95,93.91,2596,0.063,1
2026-03-01T22:14:00,service_9,154.17.194.48,76.73,74.45,1266,0.048,0
2026-03-02T15:33:52,service_3,179.221.155.128,29.87,82.61,4747,0.256,0
2026-03-03T13:27:05,service_8,82.72.75.150,86.62,89.93,4602,0.022,1
2026-03-03T18:56:31,service_10,78.41.186.178,70.45,38.8,4091,0.285,0
2026-03-01T13:10:04,service_5,157.232.151.200,42.14,70.35,671,0.27,0
2026-03-03T04:53:24,service_5,38.253.190.223,38.6,53.8,4885,0.046,0
2026-03-01T00:20:13,service_3,132.112.63.122,61.02,80.58,139,0.094,0
2026-03-03T20:48:02,service_5,129.83.82.231,80.71,73.41,3044,0.04,0
2026-03-03T16:21:50,service_6,43.254.222.185,75.97,85.84,2602,0.146,0
2026-03-02T05:01:04,service_9,163.103.222.213,89.21,97.09,1709,0.079,1
2026-03-02T03:06:45,service_1,219.196.103.48,85.28,93.58,4866,0.174,1
2026-03-03T22:49:37,service_9,90.58.145.208,88.91,97.83,3967,0.196,1
2026-03-01T00:32:10,service_10,189.120.68.24,23.38,49.44,2483,0.04,0
2026-03-03T01:45:25,service_1,31.206.180.27,55.1,26.79,2056,0.254,0
2026-03-01T22:16:12,service_9,191.136.69.89,82.59,66.05,1249,0.134,0
2026-03-02T17:10:18,service_3,145.113.26.196,26.12,91.15,4060,0.282,0
2026-03-03T23:12:17,service_5,114.77.9.185,13.64,77.11,3126,0.07,0
2026-03-02T06:02:23,service_7,116.96.25.62,70.17,58.84,3947,0.275,0
2026-03-02T21:30:42,service_2,177.206.215.129,89.34,22.99,4371,0.19,0
2026-03-02T05:32:58,service_10,172.22.21.36,34.61,75.64,1524,0.113,0
2026-03-02T19:19:57,service_2,66.140.81.81,44.07,64.08,4332,0.075,0
2026-03-01T05:12:07,service_6,14.202.75.57,97.54,36.72,4088,0.238,0
2026-03-01T17:46:40,service_8,120.101.182.97,89.85,20.49,1456,0.069,0
2026-03-02T11:22:23,service_3,22.11.129.47,56.31,41.06,3067,0.181,0
2026-03-02T17:33:44,service_6,17.47.14.137,83.53,69.58,1028,0.144,0
2026-03-03T00:18:00,service_7,81.49.2.244,53.09,35.8,283,0.073,0
2026-03-02T09:34:39,service_9,88.89.127.78,21.51,64.43,421,0.267,0
2026-03-02T18:26:36,service_9,4.60.225.220,23.22,32.48,3421,0.18,0
2026-03-02T10:45:53,service_5,52.19.156.252,60.72,21.4,802,0.065,0
2026-03-01T10:13:55,service_4,212.96.200.144,64.59,55.36,3465,0.18,0
2026-03-01T07:47:27,service_9,155.159.14.132,81.52,81.53,2266,0.05,0
2026-03-03T10:25:48,service_2,167.145.33.249,71.7,89.18,1982,0.113,0
2026-03-01T14:32:59,service_9,44.87.70.210,21.9,21.24,3538,0.248,0
2026-03-02T07:05:08,service_10,189.169.160.227,64.5,33.31,419,0.263,0
2026-03-02T13:02:55,service_9,80.86.160.43,94.89,97.92,109,0.269,1
2026-03-02T05:10:14,service_6,175.109.218.212,79.74,68.69,455,0.209,0
2026-03-04T00:08:59,service_7,113.117.92.36,48.61,90.38,2971,0.177,0
2026-03-01T11:15:43,service_2,29.93.231.214,76.73,77.12,3585,0.04,0
2026-03-01T07:24:39,service_5,163.31.189.118,52.94,37.44,4554,0.123,0
2026-03-03T20:40:38,service_10,48.249.127.87,27.01,73.19,4380,0.035,0
2026-03-03T10:55:14,service_6,26.154.162.197,10.65,69.09,3449,0.109,0
2026-03-03T08:57:32,service_9,165.39.172.173,23.93,68.87,3569,0.169,0
2026-03-03T14:11:31,service_4,176.59.154.199,65.07,94.38,3485,0.166,0
2026-03-02T05:33:32,service_8,99.109.7.70,60.18,33.4,2178,0.297,0
2026-03-03T00:33:09,service_3,66.87.170.199,61.99,78.06,1075,0.224,0
2026-03-02T06:36:09,service_4,138.75.130.8,50.19,72.45,4264,0.12,0
2026-03-01T11:43:27,service_1,5.65.205.65,40.46,61.29,1416,0.117,0
2026-03-03T11:39:43,service_8,109.35.137.98,67.23,80.33,3666,0.026,0
2026-03-02T00:30:18,service_7,217.34.144.89,33.68,47.81,3382,0.184,0
2026-03-02T03:03:26,service_3,106.33.231.110,56.89,73.37,4149,0.132,0
2026-03-03T21:11:26,service_5,138.246.79.215,28.15,69.27,1695,0.01,0
2026-03-01T20:25:34,service_3,58.252.54.126,63.96,58.69,395,0.108,0
2026-03-01T08:52:13,service_7,135.42.36.113,89.14,92.39,3421,0.176,1
2026-03-03T12:25:05,service_9,111.199.15.237,86.35,91.13,4875,0.104,1
2026-03-01T20:37:40,service_4,101.204.172.117,96.7,40.74,3825,0.279,0
2026-03-01T12:39:21,service_2,190.181.56.172,61.74,39.58,4676,0.022,0
2026-03-01T07:31:34,service_5,55.62.157.166,36.48,91.03,4506,0.244,0
2026-03-02T17:40:42,service_10,200.1.227.231,61.74,72.06,4061,0.231,0
2026-03-01T15:02:23,service_8,142.37.162.244,78.17,92.09,4907,0.259,0
2026-03-01T15:45:32,service_4,15.154.157.139,53.38,39.34,1983,0.24,0
2026-03-03T11:41:19,service_5,81.236.118.202,47.12,46.48,2133,0.086,0
2026-03-02T11:55:20,service_9,21.232.150.141,45.9,76.16,1562,0.143,0
2026-03-02T23:34:46,service_4,160.115.229.255,41.82,87.07,4187,0.221,0
2026-03-03T14:58:28,service_4,197.182.178.241,31.14,38.15,1761,0.25,0
2026-03-03T02:00:22,service_2,74.45.133.87,85.27,46.7,742,0.203,0
2026-03-02T14:11:30,service_9,103.98.168.221,69.71,66.04,446,0.254,0
2026-03-02T04:44:09,service_10,188.122.52.171,43.41,43.66,2350,0.147,0
2026-03-01T05:25:32,service_4,38.154.169.131,98.6,88.7,4824,0.038,1
2026-03-02T21:23:19,service_1,16.246.166.103,57.32,51.74,4216,0.104,0
2026-03-01T10:35:29,service_2,125.214.240.206,87.44,78.19,4345,0.138,0
2026-03-04T01:29:21,service_10,31.221.17.206,72.03,20.89,925,0.098,0
2026-03-03T19:45:17,service_4,176.74.8.236,65.15,39.48,2306,0.141,0
2026-03-03T17:31:17,service_4,54.71.51.115,65.18,47.44,3533,0.21,0
2026-03-01T11:12:10,service_3,10.160.40.189,43.51,84.07,4780,0.039,0
2026-03-02T18:33:06,service_7,180.5.218.27,89.05,90.59,3220,0.059,1
2026-03-02T19:55:05,service_1,214.103.73.248,82.0,75.39,1546,0.126,0
2026-03-02T11:32:05,service_9,45.54.98.254,22.1,87.0,2686,0.236,0
2026-03-01T02:26:28,service_7,145.136.71.53,37.0,62.16,910,0.207,0
2026-03-01T21:47:23,service_2,147.142.22.114,15.4,81.04,3785,0.223,0
2026-03-02T10:08:06,service_5,81.59.5.139,33.38,47.02,2919,0.006,0
2026-03-01T01:54:22,service_4,207.117.9.18,20.91,85.05,4825,0.173,0
2026-03-03T21:46:52,service_6,16.138.187.145,68.42,33.09,2763,0.202,0
2026-03-04T00:47:32,service_7,36.245.188.221,53.87,75.24,2447,0.139,0
2026-03-03T10:22:44,service_6,172.188.115.89,96.09,85.12,3555,0.189,0
2026-03-03T20:42:33,service_6,46.241.178.204,87.43,90.51,2486,0.213,1
2026-03-03T22:46:21,service_6,71.126.115.75,64.48,49.66,4908,0.156,0
2026-03-03T08:06:58,service_3,72.184.177.140,50.53,32.55,2022,0.199,0
2026-03-02T03:27:12,service_2,50.226.133.146,87.5,89.13,3976,0.165,1
2026-03-02T09:55:21,service_2,213.196.189.122,12.37,49.78,951,0.079,0
2026-03-01T15:28:36,service_5,129.97.180.241,23.97,69.11,1978,0.074,0
2026-03-03T01:40:52,service_3,44.193.19.17,35.58,66.99,334,0.011,0
2026-03-03T13:41:47,service_8,15.76.70.128,42.12,88.65,4528,0.28,0
2026-03-02T01:32:15,service_9,131.248.169.99,59.37,30.13,1550,0.177,0
2026-03-04T01:57:07,service_7,218.177.120.54,51.09,76.17,4388,0.192,0
2026-03-02T07:13:03,service_4,66.128.3.135,58.04,88.17,833,0.133,0
2026-03-03T17:51:24,service_1,198.185.13.102,42.92,39.49,4387,0.245,0
2026-03-03T21:20:28,service_1,212.240.112.120,86.32,45.79,4129,0.284,0
2026-03-02T21:12:09,service_5,5.143.210.209,52.94,20.68,4990,0.069,0
2026-03-02T07:19:46,service_9,181.172.242.92,10.65,48.02,3680,0.118,0
2026-03-02T11:46:50,service_7,87.218.174.114,24.69,75.28,1907,0.079,0
2026-03-03T17:14:25,service_10,173.161.165.67,48.0,37.97,2327,0.085,0
2026-03-01T07:01:00,service_2,125.132.142.204,76.86,80.66,1594,0.041,0
2026-03-03T14:53:17,service_10,12.40.76.45,19.93,54.15,4130,0.056,0
2026-03-03T19:56:10,service_3,154.110.204.0,11.75,23.72,937,0.085,0
2026-03-01T05:56:06,service_4,14.166.30.199,86.35,88.16,2900,0.126,1
2026-03-02T06:05:00,service_1,96.109.243.31,80.72,57.38,2805,0.024,0
2026-03-02T22:47:44,service_7,60.91.168.212,77.55,30.96,684,0.163,0
2026-03-01T21:46:34,service_7,57.171.73.108,26.34,87.18,203,0.037,0
2026-03-02T08:15:25,service_8,55.118.199.128,79.13,38.67,2124,0.221,0
2026-03-03T15:02:26,service_9,38.78.137.99,13.02,54.56,1807,0.142,0
2026-03-02T16:23:15,service_1,87.189.223.133,71.33,43.41,4602,0.156,0
2026-03-03T16:04:59,service_1,175.225.107.52,32.8,67.89,1884,0.292,0
2026-03-01T07:28:28,service_7,78.20.44.119,96.92,94.43,2091,0.003,1
2026-03-02T00:51:24,service_10,28.110.240.177,13.78,78.76,1369,0.111,0
2026-03-02T15:43:31,service_1,9.52.76.172,94.28,98.24,589,0.107,1
2026-03-01T14:26:01,service_8,100.9.9.172,23.85,60.23,2006,0.095,0
2026-03-01T00:54:59,service_8,197.33.126.145,60.25,68.35,1680,0.006,0
2026-03-01T09:03:32,service_1,107.202.145.224,44.0,74.33,4075,0.212,0
2026-03-02T05:27:15,service_10,76.199.79.143,60.31,60.71,1628,0.163,0
2026-03-02T09:48:52,service_10,71.222.73.4,39.13,55.13,4642,0.048,0
2026-03-03T20:07:01,service_9,36.239.185.62,57.8,53.7,3107,0.136,0
2026-03-02T14:21:32,service_1,141.136.40.14,79.83,57.95,3082,0.233,0
2026-03-01T11:53:15,service_9,48.230.121.255,31.49,74.08,3274,0.057,0
2026-03-01T05:32:50,service_5,199.250.244.57,71.49,77.43,2742,0.123,0
2026-03-01T14:56:02,service_1,211.197.237.54,38.98,27.22,1163,0.054,0
2026-03-02T00:38:04,service_1,69.192.95.1,12.81,28.03,4777,0.193,0
2026-03-04T00:29:35,service_10,84.39.226.244,44.97,56.74,2196,0.015,0
2026-03-02T04:09:26,service_2,48.254.198.79,98.82,95.21,3934,0.24,1
2026-03-01T17:12:15,service_7,163.192.133.47,15.46,61.85,3123,0.238,0
2026-03-02T09:00:52,service_2,104.148.150.98,15.25,66.27,2589,0.023,0
2026-03-01T13:56:06,service_4,54.200.115.55,29.43,58.96,4455,0.116,0
2026-03-03T04:17:10,service_3,97.250.6.104,27.38,69.27,4674,0.225,0
2026-03-02T15:44:22,service_6,156.170.95.119,47.37,27.91,3857,0.211,0
2026-03-03T07:09:08,service_9,132.252.252.102,48.44,27.81,3389,0.151,0
2026-03-02T14:35:11,service_6,183.104.232.229,69.18,60.04,2681,0.165,0
2026-03-03T02:05:13,service_7,43.100.209.219,99.72,83.36,2749,0.183,0
2026-03-01T06:47:36,service_5,173.101.5.91,60.68,36.04,3049,0.288,0
2026-03-01T16:16:55,service_5,49.26.216.107,50.27,49.78,4980,0.005,0
2026-03-03T21:48:39,service_6,55.51.249.251,99.77,90.36,277,0.231,1
2026-03-03T15:56:14,service_9,189.33.96.114,94.9,81.68,4657,0.171,0
2026-03-02T11:22:36,service_3,196.191.125.255,61.45,27.07,1233,0.079,0
2026-03-01T03:21:41,service_5,19.119.121.193,90.07,38.74,852,0.171,0
2026-03-03T08:51:41,service_8,21.25.166.209,89.87,93.31,4820,0.246,1
2026-03-03T02:54:30,service_1,70.99.124.87,97.13,92.2,2839,0.104,1
2026-03-01T16:41:32,service_4,109.60.232.80,83.54,51.24,193,0.19,0
2026-03-01T02:01:49,service_6,67.185.245.177,66.9,24.06,4523,0.169,0
2026-03-03T17:47:22,service_7,112.137.72.223,39.41,72.33,3750,0.226,0
2026-03-03T07:57:41,service_7,181.89.82.54,61.77,26.76,1312,0.04,0
2026-03-01T06:03:56,service_9,143.141.99.108,90.99,88.94,3659,0.232,1
2026-03-03T08:04:22,service_8,99.231.46.13,21.73,30.12,3338,0.196,0
2026-03-01T06:03:43,service_4,45.244.7.30,27.65,66.2,2085,0.021,0
2026-03-02T00:35:47,service_2,7.28.137.72,79.91,44.26,1021,0.202,0
2026-03-02T11:25:44,service_10,44.163.103.46,48.12,46.12,298,0.231,0
2026-03-03T13:21:50,service_8,165.167.157.92,25.23,46.23,1294,0.132,0
2026-03-03T10:27:08,service_3,61.50.190.94,93.18,37.51,802,0.034,0
2026-03-02T04:16:18,service_5,99.204.223.150,14.91,91.17,212,0.103,0
2026-03-03T19:35:53,service_6,36.189.164.251,82.39,42.88,1812,0.222,0
2026-03-02T21:56:46,service_9,157.107.134.124,29.07,60.98,4056,0.187,0
2026-03-01T21:28:19,service_7,27.116.218.138,99.31,72.13,4875,0.272,0
2026-03-01T15:04:43,service_5,90.199.77.127,88.01,95.66,534,0.139,1
2026-03-03T05:40:00,service_6,207.145.187.41,95.07,24.99,983,0.006,0
2026-03-03T08:09:26,service_7,189.207.171.28,88.07,68.71,4265,0.293,0
2026-03-02T09:56:07,service_9,5.3.43.2,18.96,43.66,821,0.056,0
2026-03-03T00:08:45,service_1,75.61.115.13,55.06,54.35,425,0.074,0
2026-03-04T01:01:36,service_3,67.5.91.219,57.65,45.02,250,0.104,0
2026-03-01T07:47:59,service_9,140.133.235.193,41.67,66.89,2359,0.244,0
2026-03-01T04:52:11,service_1,10.150.1.89,66.32,85.9,4646,0.285,0
2026-03-02T13:17:36,service_3,75.89.81.252,30.3,45.63,819,0.219,0
2026-03-01T01:14:50,service_4,160.198.193.25,56.86,70.85,3518,0.072,0
2026-03-04T01:36:48,service_6,53.194.45.154,23.75,92.79,3779,0.163,0
2026-03-03T19:55:10,service_4,110.45.234.45,28.61,30.39,1231,0.093,0
2026-03-02T19:14:12,service_3,16.71.25.85,73.46,59.29,4727,0.275,0
2026-03-02T10:11:44,service_2,78.85.149.129,38.57,61.8,1608,0.095,0
2026-03-02T05:51:05,service_7,174.27.96.219,89.17,74.53,3468,0.091,0
2026-03-03T05:55:39,service_5,126.102.229.197,77.1,81.63,1344,0.234,0
2026-03-02T22:09:03,service_10,73.248.224.72,19.61,33.86,2286,0.182,0
2026-03-03T02:59:43,service_1,222.78.166.112,65.11,64.73,3043,0.024,0
2026-03-03T16:16:44,service_8,109.211.15.166,80.18,30.06,3163,0.055,0
2026-03-01T07:24:36,service_4,223.88.101.4,44.87,55.54,364,0.123,0
2026-03-02T21:54:06,service_4,212.245.129.153,97.19,89.41,1761,0.227,1
2026-03-01T05:42:35,service_10,175.2.125.235,15.95,89.53,4113,0.206,0
2026-03-03T11:02:43,service_1,191.93.145.56,88.01,86.57,3216,0.216,0
2026-03-01T09:38:38,service_9,83.51.8.207,45.47,90.44,4402,0.192,0
2026-03-04T01:34:48,service_8,44.226.236.87,73.37,22.89,447,0.263,0
2026-03-03T10:26:31,service_1,71.42.147.64,32.11,60.34,4668,0.116,0
2026-03-02T06:40:25,service_8,2.126.198.27,78.86,92.19,3360,0.265,0
2026-03-01T17:10:03,service_5,7.18.205.88,79.63,41.44,546,0.207,0
2026-03-01T08:07:13,service_2,171.130.201.220,91.33,54.77,4201,0.034,0
2026-03-01T17:12:15,service_3,76.22.187.12,80.09,90.34,3320,0.124,0
2026-03-02T06:29:51,service_4,126.2.115.53,50.58,33.42,3824,0.027,0
2026-03-03T20:02:27,service_3,10.121.9.37,39.17,68.64,1112,0.027,0
2026-03-02T15:01:57,service_9,167.240.13.136,95.61,96.0,1409,0.114,1
2026-03-01T07:41:42,service_10,128.134.227.141,44.25,77.62,1329,0.049,0
2026-03-01T03:52:54,service_8,147.242.160.163,89.62,96.03,2465,0.188,1
2026-03-02T04:57:08,service_10,188.1.193.175,20.58,29.87,2173,0.004,0
2026-03-03T13:55:49,service_10,63.22.70.55,54.79,57.4,4142,0.071,0
2026-03-03T16:56:06,service_2,97.9.172.41,63.0,55.68,153,0.073,0
2026-03-02T16:18:25,service_4,87.67.124.33,59.26,66.48,500,0.055,0
2026-03-03T17:45:05,service_1,44.115.241.159,14.96,46.18,4835,0.251,0
2026-03-01T05:55:52,service_5,55.247.130.64,91.25,89.96,4973,0.172,1
2026-03-01T07:18:39,service_6,155.247.171.81,60.6,92.47,393,0.028,0
2026-03-02T21:47:02,service_2,89.31.83.205,36.94,47.64,3600,0.253,0
2026-03-02T21:50:16,service_5,46.107.226.123,15.84,55.31,2796,0.158,0
2026-03-02T04:10:41,service_2,151.115.122.237,57.22,72.19,4780,0.219,0
2026-03-01T08:45:27,service_10,75.123.97.85,66.61,94.04,2452,0.128,0
2026-03-03T10:55:37,service_10,1.172.22.227,86.3,39.47,2998,0.278,0
2026-03-03T09:08:07,service_8,170.59.203.248,65.29,57.23,4134,0.242,0
2026-03-03T16:23:44,service_4,172.123.250.255,89.53,37.45,112,0.035,0
2026-03-03T04:45:03,service_4,206.124.214.130,51.84,79.75,3496,0.124,0
2026-03-03T03:55:13,service_1,87.70.255.130,40.04,62.03,1748,0.207,0
2026-03-03T14:49:02,service_9,167.142.205.123,32.9,25.09,2753,0.23,0
2026-03-02T01:07:16,service_10,161.222.86.133,20.25,45.0,338,0.25,0
2026-03-01T07:46:05,service_8,52.109.130.23,27.46,82.54,3987,0.239,0
2026-03-02T14:41:32,service_9,156.172.173.136,68.11,56.11,2845,0.139,0
2026-03-03T09:41:55,service_6,206.179.118.123,92.82,94.21,4648,0.161,1
2026-03-02T06:15:39,service_6,62.1.141.113,28.74,71.41,642,0.291,0
2026-03-02T00:43:17,service_9,160.241.40.224,35.24,22.34,1459,0.171,0
2026-03-03T23:42:56,service_5,19.114.60.165,45.06,64.64,2676,0.213,0
2026-03-01T00:49:15,service_6,45.74.54.17,34.43,26.51,3802,0.249,0
2026-03-02T06:01:52,service_6,171.45.80.60,37.24,59.38,406,0.233,0
2026-03-02T18:26:24,service_4,206.139.118.175,92.24,93.5,2886,0.277,1
2026-03-03T23:58:16,service_3,64.86.176.232,75.92,59.27,904,0.247,0
2026-03-01T00:00:38,service_1,89.30.103.43,94.42,70.75,3863,0.116,0
2026-03-03T17:42:53,service_1,50.103.137.74,87.83,28.69,4968,0.262,0
2026-03-01T21:56:42,service_5,27.224.213.252,40.0,86.69,284,0.173,0
2026-03-02T20:04:58,service_4,218.163.140.17,38.09,86.91,2447,0.083,0
2026-03-01T23:26:20,service_3,134.123.165.132,38.72,53.08,1390,0.082,0
2026-03-03T15:50:56,service_4,152.166.46.149,11.37,66.72,4544,0.105,0
2026-03-03T08:19:44,service_5,54.217.125.68,38.66,30.62,4802,0.073,0
2026-03-01T16:18:41,service_8,150.202.59.74,16.41,65.99,515,0.039,0
2026-03-02T02:16:23,service_1,74.234.75.63,52.37,70.66,805,0.128,0
2026-03-01T04:17:57,service_8,10.0.228.164,26.11,64.71,3013,0.094,0
2026-03-01T08:11:22,service_9,40.18.227.80,83.57,73.47,743,0.292,0
2026-03-04T01:30:34,service_8,177.62.182.183,78.02,54.93,896,0.137,0
2026-03-02T19:01:56,service_4,80.176.81.125,71.6,73.27,1933,0.043,0
2026-03-02T12:14:38,service_3,107.147.122.101,90.61,39.35,2806,0.237,0
2026-03-01T01:08:07,service_8,213.223.182.233,92.13,91.87,1499,0.085,1
2026-03-01T11:03:40,service_7,67.248.130.7,41.38,63.1,976,0.098,0
2026-03-03T07:10:47,service_7,105.107.112.160,68.45,79.43,4937,0.124,0
2026-03-02T19:50:26,service_7,201.204.56.236,65.88,61.1,641,0.102,0
2026-03-01T22:09:20,service_7,218.96.209.233,83.25,64.32,4746,0.236,0
2026-03-02T21:44:25,service_2,203.137.45.11,59.01,37.71,4803,0.251,0
2026-03-04T01:09:52,service_2,141.91.31.214,20.29,64.71,3747,0.053,0
2026-03-03T04:25:29,service_10,140.134.25.101,96.03,25.22,3204,0.098,0
2026-03-01T12:35:21,service_3,202.117.107.172,68.05,24.61,4857,0.271,0
2026-03-02T11:12:48,service_3,40.85.23.69,67.25,20.01,3810,0.159,0
2026-03-02T21:28:42,service_6,6.15.195.87,45.1,63.34,2555,0.171,0
2026-03-03T01:09:36,service_7,173.65.193.146,92.19,42.84,2920,0.297,0
2026-03-02T21:57:54,service_3,204.81.101.38,62.45,65.86,2509,0.019,0
2026-03-02T02:59:55,service_2,213.88.218.209,93.4,98.77,2411,0.26,1
2026-03-03T10:36:21,service_6,27.156.184.44,31.17,72.67,3235,0.122,0
2026-03-01T09:18:23,service_3,146.76.79.97,49.17,35.84,1641,0.167,0
2026-03-01T19:16:11,service_5,78.226.176.149,85.9,47.02,1128,0.04,0
2026-03-04T01:21:33,service_8,46.135.63.185,16.46,21.18,3677,0.292,0
2026-03-02T12:23:37,service_8,133.102.89.251,22.22,30.29,3587,0.187,0
2026-03-02T08:48:00,service_7,103.90.51.61,50.9,51.81,3010,0.068,0
2026-03-01T08:20:28,service_4,94.88.143.80,48.23,20.56,4210,0.081,0
2026-03-03T07:41:17,service_6,150.73.235.92,85.57,93.32,1027,0.174,1
2026-03-01T14:47:15,service_9,198.103.3.127,96.56,26.0,2389,0.139,0
2026-03-01T21:32:32,service_2,211.33.38.157,92.09,96.16,4517,0.239,1
2026-03-02T14:44:40,service_1,25.35.42.68,38.12,23.96,3940,0.136,0
2026-03-01T02:29:58,service_6,36.59.195.7,91.54,63.05,2513,0.087,0
2026-03-01T00:34:36,service_10,183.42.203.251,13.18,89.21,2233,0.018,0
2026-03-01T15:34:03,service_10,191.1.8.229,99.86,96.9,323,0.086,1
2026-03-02T13:02:43,service_5,58.112.241.208,17.43,57.92,2164,0.04,0
2026-03-03T00:35:44,service_10,151.7.9.56,86.67,89.92,1338,0.198,1
2026-03-01T03:36:17,service_4,7.149.196.81,43.28,33.15,4072,0.054,0
2026-03-02T01:55:07,service_3,27.203.153.187,57.46,22.48,4978,0.28,0
2026-03-02T10:01:48,service_7,165.146.60.34,23.87,57.2,2049,0.198,0
2026-03-03T12:44:21,service_6,123.104.82.122,75.34,32.55,545,0.193,0
2026-03-02T12:37:06,service_7,84.66.152.94,77.99,28.7,4001,0.09,0
2026-03-01T11:32:51,service_7,43.215.84.185,77.15,76.43,3295,0.142,0
2026-03-03T03:20:29,service_6,111.144.51.106,98.91,92.94,4443,0.205,1
2026-03-01T07:03:55,service_7,8.95.247.74,13.69,88.83,2333,0.1,0
2026-03-03T09:05:10,service_7,153.33.154.194,34.04,27.37,3877,0.232,0
2026-03-01T21:50:02,service_4,17.96.60.252,77.42,75.07,4359,0.101,0
2026-03-02T05:40:25,service_1,187.95.127.90,72.13,33.49,656,0.004,0
2026-03-03T11:39:11,service_4,138.239.151.37,18.79,27.79,2420,0.076,0
2026-03-03T06:28:36,service_4,93.172.211.235,93.91,97.83,1097,0.212,1
2026-03-02T02:41:46,service_10,89.224.200.203,20.8,84.23,1613,0.269,0
2026-03-01T14:16:46,service_2,49.250.228.57,72.61,39.0,3814,0.277,0
2026-03-02T09:00:55,service_6,106.54.113.23,34.87,52.02,2208,0.049,0
2026-03-01T04:11:12,service_6,150.1.104.255,16.66,78.28,592,0.077,0
2026-03-02T16:48:46,service_7,81.231.199.144,99.69,90.21,1561,0.194,1
2026-03-04T00:46:02,service_10,129.46.130.181,19.76,60.55,970,0.274,0
2026-03-03T00:31:52,service_8,212.211.120.150,93.57,90.76,253,0.269,1
2026-03-02T22:19:48,service_7,198.173.255.75,23.4,68.03,2282,0.045,0
2026-03-01T08:20:13,service_8,171.224.28.60,95.61,96.48,3672,0.121,1
2026-03-03T16:00:25,service_8,208.255.66.182,88.39,92.23,1092,0.17,1
2026-03-02T00:15:41,service_7,141.78.15.159,94.15,46.92,552,0.19,0
2026-03-03T00:34:48,service_6,208.160.89.74,96.29,26.8,759,0.252,0
2026-03-01T23:00:51,service_9,123.72.195.232,78.44,41.75,422,0.29,0
2026-03-02T02:46:42,service_2,6.135.187.238,69.47,42.42,3043,0.146,0
2026-03-01T14:51:47,service_1,204.209.250.17,89.67,52.85,1681,0.008,0
2026-03-01T12:34:02,service_9,109.240.144.184,99.67,37.89,2620,0.15,0
2026-03-02T04:21:15,service_1,45.177.103.184,96.85,80.88,403,0.102,0
2026-03-03T11:13:25,service_4,131.70.22.249,40.39,74.08,4385,0.138,0
2026-03-01T23:31:00,service_10,222.112.147.75,71.03,85.57,2008,0.277,0
2026-03-01T04:26:11,service_8,139.239.241.88,13.32,30.62,475,0.073,0
2026-03-01T23:04:28,service_5,70.111.56.99,68.39,21.08,897,0.137,0
2026-03-03T20:02:18,service_2,203.60.99.225,25.36,64.33,1035,0.149,0
2026-03-02T08:28:26,service_7,211.108.184.161,81.93,36.54,2863,0.243,0
2026-03-01T17:15:12,service_10,30.24.98.172,98.4,70.88,4571,0.041,0
2026-03-01T02:23:00,service_10,82.87.190.42,85.28,79.48,1520,0.101,0
2026-03-01T20:29:45,service_6,109.180.74.206,20.87,30.59,4633,0.05,0
2026-03-02T06:09:12,service_10,68.50.142.193,31.93,63.65,3181,0.233,0
2026-03-03T12:16:52,service_10,75.130.86.76,87.69,88.98,2424,0.125,1
2026-03-02T19:22:17,service_4,52.142.177.4,82.67,77.94,1272,0.192,0
2026-03-02T15:32:27,service_10,110.87.57.255,57.08,50.9,408,0.179,0
2026-03-03T03:20:49,service_7,174.204.37.50,97.4,91.31,137,0.167,1
2026-03-01T10:30:53,service_10,178.104.252.250,27.27,94.0,3064,0.259,0
2026-03-03T10:02:26,service_4,21.231.52.251,98.81,58.07,2364,0.016,0
2026-03-03T12:44:21,service_8,128.58.72.123,20.14,31.19,4175,0.053,0
2026-03-01T03:56:09,service_5,14.125.180.78,70.31,23.23,1816,0.13,0
2026-03-03T06:25:24,service_1,45.120.25.226,40.09,80.39,955,0.222,0
2026-03-01T06:57:08,service_8,204.85.131.136,93.24,33.19,4318,0.035,0
2026-03-02T12:58:11,service_6,217.119.95.213,90.56,74.11,3532,0.06,0
2026-03-03T16:34:04,service_6,188.72.247.71,70.92,44.43,1965,0.029,0
2026-03-01T20:52:52,service_4,162.62.248.164,76.4,85.24,702,0.141,0
2026-03-01T08:47:10,service_10,99.121.41.135,53.6,86.79,3827,0.053,0
2026-03-02T08:21:55,service_6,157.231.173.15,43.61,54.33,2309,0.061,0
2026-03-04T00:28:34,service_8,162.222.196.211,87.05,97.37,3526,0.051,1
2026-03-01T23:36:54,service_10,99.29.122.184,40.92,86.48,1492,0.173,0
2026-03-01T02:15:31,service_9,148.39.70.229,59.75,37.23,4107,0.259,0
2026-03-04T00:38:07,service_1,61.76.38.197,29.48,55.51,3607,0.221,0
2026-03-01T22:05:49,service_10,140.21.252.61,32.2,44.55,1320,0.274,0
2026-03-02T23:07:57,service_9,151.28.64.239,99.87,96.07,375,0.128,1
2026-03-01T00:02:22,service_2,167.17.39.102,45.49,80.73,3806,0.149,0
2026-03-02T00:56:28,service_7,172.98.182.73,17.48,76.48,1885,0.04,0
2026-03-01T19:41:22,service_8,23.55.185.35,92.2,91.35,4772,0.224,1
2026-03-04T01:58:08,service_7,5.103.149.209,12.2,54.11,1615,0.237,0
2026-03-02T06:59:10,service_2,205.86.23.188,43.34,54.82,3252,0.268,0
2026-03-02T02:46:32,service_5,172.115.62.190,39.96,22.45,4543,0.173,0
2026-03-02T17:26:07,service_6,107.101.207.37,28.64,71.35,549,0.154,0
2026-03-02T07:01:37,service_1,122.74.75.237,90.74,93.12,3094,0.11,1
2026-03-03T00:55:07,service_4,22.17.125.27,68.34,72.87,1233,0.294,0
2026-03-04T02:05:11,service_10,155.5.114.248,31.48,28.52,1818,0.226,0
2026-03-01T04:51:59,service_9,182.191.154.178,78.48,44.03,3564,0.083,0
2026-03-02T19:17:56,service_9,198.79.86.83,15.7,45.89,1105,0.141,0
2026-03-03T17:15:58,service_8,91.126.106.143,57.87,81.9,3115,0.24,0
2026-03-01T15:18:29,service_2,74.208.86.42,95.08,80.66,1642,0.268,0
