t,timestamp,service,OSS,TES,DSS,BCS,RE,RE_original,phase,intervention
0,2026-03-07 10:00:00,frontend,0.2594,0.0554,0.124,0.7,22.02,12.49,stable,False
0,2026-03-07 10:00:00,checkout_service,0.2638,0.0306,0.196,0.9,26.07,16.7,stable,False
0,2026-03-07 10:00:00,payment_service,0.2486,0.0462,0.072,0.95,23.88,14.99,stable,False
0,2026-03-07 10:00:00,auth_service,0.2971,0.027,0.068,0.85,22.82,13.94,stable,False
0,2026-03-07 10:00:00,cart_service,0.2748,0.0593,0.072,0.65,20.5,10.8,stable,False
0,2026-03-07 10:00:00,database,0.2696,0.0223,0.0,0.85,20.27,10.8,stable,False
1,2026-03-07 10:01:00,frontend,0.303,0.0674,0.2921,0.7,27.74,14.47,stable,False
1,2026-03-07 10:01:00,checkout_service,0.3735,0.0249,0.4405,0.9,34.72,18.99,stable,False
1,2026-03-07 10:01:00,payment_service,0.3225,0.0448,0.1643,0.95,27.99,16.95,stable,False
1,2026-03-07 10:01:00,auth_service,0.2469,0.0531,0.1378,0.85,24.23,15.53,stable,False
1,2026-03-07 10:01:00,cart_service,0.2847,0.0292,0.1459,0.65,21.54,12.32,stable,False
1,2026-03-07 10:01:00,database,0.3889,0.0647,0.0,0.85,24.74,12.9,stable,False
2,2026-03-07 10:02:00,frontend,0.3229,0.0298,0.3567,0.7,28.53,16.26,stable,False
2,2026-03-07 10:02:00,checkout_service,0.2348,0.0336,0.4863,0.9,32.7,20.82,stable,False
2,2026-03-07 10:02:00,payment_service,0.3438,0.0471,0.1745,0.95,28.86,18.87,stable,False
2,2026-03-07 10:02:00,auth_service,0.2542,0.0693,0.1682,0.85,25.74,17.14,stable,False
2,2026-03-07 10:02:00,cart_service,0.3247,0.0608,0.1781,0.65,24.45,14.01,stable,False
2,2026-03-07 10:02:00,database,0.3504,0.0237,0.0,0.85,22.34,14.55,stable,False
3,2026-03-07 10:03:00,frontend,0.2888,0.0512,0.3593,0.7,28.49,17.96,stable,False
3,2026-03-07 10:03:00,checkout_service,0.2674,0.0363,0.52,0.9,34.46,22.72,stable,False
3,2026-03-07 10:03:00,payment_service,0.354,0.0436,0.1853,0.95,29.26,20.69,stable,False
3,2026-03-07 10:03:00,auth_service,0.2687,0.0481,0.1519,0.85,24.95,18.6,stable,False
3,2026-03-07 10:03:00,cart_service,0.3461,0.0414,0.1608,0.65,23.87,15.59,stable,False
3,2026-03-07 10:03:00,database,0.2139,0.0518,0.0,0.85,19.91,15.78,stable,False
4,2026-03-07 10:04:00,frontend,0.295,0.0325,0.368,0.7,28.21,19.53,stable,False
4,2026-03-07 10:04:00,checkout_service,0.2963,0.0238,0.5149,0.9,34.61,24.59,stable,False
4,2026-03-07 10:04:00,payment_service,0.2822,0.0604,0.1796,0.95,27.91,22.25,stable,False
4,2026-03-07 10:04:00,auth_service,0.3454,0.0293,0.1354,0.85,25.8,20.13,stable,False
4,2026-03-07 10:04:00,cart_service,0.3702,0.0648,0.1434,0.65,24.86,17.23,stable,False
4,2026-03-07 10:04:00,database,0.2644,0.0414,0.0,0.85,20.81,17.01,stable,False
5,2026-03-07 10:05:00,frontend,0.3484,0.0455,0.3746,0.7,30.17,21.26,stable,False
5,2026-03-07 10:05:00,checkout_service,0.279,0.0369,0.5157,0.9,34.66,26.42,stable,False
5,2026-03-07 10:05:00,payment_service,0.3638,0.0552,0.1858,0.95,29.92,23.93,stable,False
5,2026-03-07 10:05:00,auth_service,0.3162,0.0326,0.1415,0.85,25.33,21.48,stable,False
5,2026-03-07 10:05:00,cart_service,0.2973,0.0218,0.1498,0.65,21.69,18.38,stable,False
5,2026-03-07 10:05:00,database,0.3121,0.0339,0.0,0.85,21.74,18.26,stable,False
6,2026-03-07 10:06:00,frontend,0.3476,0.0445,0.3572,0.7,29.68,22.89,stable,False
6,2026-03-07 10:06:00,checkout_service,0.371,0.0581,0.5081,0.9,37.51,28.54,stable,False
6,2026-03-07 10:06:00,payment_service,0.2748,0.0516,0.1824,0.95,27.49,25.23,stable,False
6,2026-03-07 10:06:00,auth_service,0.3173,0.0618,0.1478,0.85,26.54,22.87,stable,False
6,2026-03-07 10:06:00,cart_service,0.2616,0.0495,0.1565,0.65,21.93,19.46,stable,False
6,2026-03-07 10:06:00,database,0.3207,0.0313,0.0,0.85,21.86,19.42,stable,False
7,2026-03-07 10:07:00,frontend,0.3254,0.0393,0.3779,0.7,29.46,24.37,stable,False
7,2026-03-07 10:07:00,checkout_service,0.3537,0.0257,0.4979,0.9,35.69,30.38,stable,False
7,2026-03-07 10:07:00,payment_service,0.3689,0.053,0.1911,0.95,30.1,26.75,stable,False
7,2026-03-07 10:07:00,auth_service,0.3539,0.0321,0.1486,0.85,26.44,24.17,stable,False
7,2026-03-07 10:07:00,cart_service,0.2742,0.0517,0.1574,0.65,22.35,20.54,stable,False
7,2026-03-07 10:07:00,database,0.2888,0.0649,0.0,0.85,22.24,20.54,stable,False
8,2026-03-07 10:08:00,frontend,0.3714,0.0242,0.3679,0.7,29.83,25.86,stable,False
8,2026-03-07 10:08:00,checkout_service,0.2757,0.0205,0.5199,0.9,34.11,31.89,stable,False
8,2026-03-07 10:08:00,payment_service,0.242,0.028,0.1904,0.95,26.04,27.68,stable,False
8,2026-03-07 10:08:00,auth_service,0.3253,0.0312,0.1512,0.85,25.75,25.29,stable,False
8,2026-03-07 10:08:00,cart_service,0.3263,0.0573,0.1601,0.65,23.92,21.73,stable,False
8,2026-03-07 10:08:00,database,0.3431,0.0484,0.0,0.85,23.02,21.66,stable,False
9,2026-03-07 10:09:00,frontend,0.2397,0.0322,0.3659,0.7,26.77,26.92,stable,False
9,2026-03-07 10:09:00,checkout_service,0.3787,0.0516,0.4952,0.9,37.15,33.79,stable,False
9,2026-03-07 10:09:00,payment_service,0.3509,0.0446,0.1854,0.95,29.22,28.97,stable,False
9,2026-03-07 10:09:00,auth_service,0.2659,0.0212,0.1565,0.85,24.05,26.12,stable,False
9,2026-03-07 10:09:00,cart_service,0.3322,0.0677,0.1657,0.65,24.57,22.91,stable,False
9,2026-03-07 10:09:00,database,0.3484,0.0664,0.0,0.85,23.78,22.78,stable,False
10,2026-03-07 10:10:00,frontend,0.3249,0.0627,0.3902,0.7,30.57,28.34,attack,False
10,2026-03-07 10:10:00,checkout_service,0.287,0.0358,0.514,0.9,34.78,35.25,attack,False
10,2026-03-07 10:10:00,payment_service,0.2765,0.0548,0.1732,0.95,27.41,29.98,attack,False
10,2026-03-07 10:10:00,auth_service,0.8707,0.7827,0.1617,0.85,65.95,31.93,attack,False
10,2026-03-07 10:10:00,cart_service,0.3651,0.0639,0.1712,0.65,25.39,24.1,attack,False
10,2026-03-07 10:10:00,database,0.3522,0.038,0.0,0.85,22.88,23.7,attack,False
11,2026-03-07 10:11:00,frontend,0.2978,0.0634,0.3787,0.7,29.63,29.62,attack,False
11,2026-03-07 10:11:00,checkout_service,0.3644,0.0599,0.7401,0.9,43.21,37.08,attack,False
11,2026-03-07 10:11:00,payment_service,0.3429,0.0645,0.4748,0.95,36.95,31.28,attack,False
11,2026-03-07 10:11:00,auth_service,0.8582,0.8293,0.1556,0.85,67.12,37.45,attack,False
11,2026-03-07 10:11:00,cart_service,0.3063,0.0471,0.1647,0.65,23.17,24.97,attack,False
11,2026-03-07 10:11:00,database,0.2681,0.0219,0.0,0.85,20.22,24.23,attack,False
12,2026-03-07 10:12:00,frontend,0.339,0.0461,0.4236,0.7,31.18,30.89,attack,False
12,2026-03-07 10:12:00,checkout_service,0.3413,0.0243,0.805,0.9,43.01,38.68,attack,False
12,2026-03-07 10:12:00,payment_service,0.2466,0.0519,0.4833,0.95,34.31,32.26,attack,False
12,2026-03-07 10:12:00,auth_service,0.8969,1.0,0.1375,0.85,73.61,43.37,attack,False
12,2026-03-07 10:12:00,cart_service,0.2863,0.0419,0.1456,0.65,22.01,25.7,attack,False
12,2026-03-07 10:12:00,database,0.2481,0.0618,0.0,0.85,21.12,24.83,attack,False
13,2026-03-07 10:13:00,frontend,0.3246,0.0278,0.4157,0.7,29.98,31.99,attack,False
13,2026-03-07 10:13:00,checkout_service,0.2815,0.053,0.8138,0.9,42.74,40.23,attack,False
13,2026-03-07 10:13:00,payment_service,0.2979,0.0477,0.53,0.95,36.62,33.42,attack,False
13,2026-03-07 10:13:00,auth_service,0.8685,1.0,0.1436,0.85,73.05,48.74,attack,False
13,2026-03-07 10:13:00,cart_service,0.2826,0.0258,0.1521,0.65,21.52,26.31,attack,False
13,2026-03-07 10:13:00,database,0.2405,0.0552,0.0,0.85,20.69,25.32,attack,False
14,2026-03-07 10:14:00,frontend,0.2942,0.0437,0.4111,0.7,29.66,33.02,attack,False
14,2026-03-07 10:14:00,checkout_service,0.2577,0.0508,0.8251,0.9,42.35,41.71,attack,False
14,2026-03-07 10:14:00,payment_service,0.3119,0.0513,0.526,0.95,36.99,34.66,attack,False
14,2026-03-07 10:14:00,auth_service,0.8964,1.0,0.1407,0.85,73.68,53.77,attack,False
14,2026-03-07 10:14:00,cart_service,0.2526,0.0213,0.149,0.65,20.54,26.77,attack,False
14,2026-03-07 10:14:00,database,0.3349,0.0394,0.0,0.85,22.5,26.0,attack,False
15,2026-03-07 10:15:00,frontend,0.3289,0.0671,0.403,0.7,31.15,34.21,attack,False
15,2026-03-07 10:15:00,checkout_service,0.3174,0.0298,0.8252,0.9,43.11,43.27,attack,False
15,2026-03-07 10:15:00,payment_service,0.2201,0.0247,0.5305,0.95,33.88,35.52,attack,False
15,2026-03-07 10:15:00,auth_service,0.8587,1.0,0.153,0.85,73.04,58.31,attack,False
15,2026-03-07 10:15:00,cart_service,0.3511,0.0341,0.162,0.65,23.77,27.55,attack,False
15,2026-03-07 10:15:00,database,0.2641,0.0639,0.0,0.85,21.59,26.51,attack,False
16,2026-03-07 10:16:00,frontend,0.3432,0.0289,0.4263,0.7,30.75,35.23,attack,False
16,2026-03-07 10:16:00,checkout_service,0.3637,0.0406,0.8186,0.9,44.48,45.01,attack,False
16,2026-03-07 10:16:00,payment_service,0.2947,0.0665,0.5259,0.95,37.09,36.81,attack,False
16,2026-03-07 10:16:00,auth_service,0.8889,1.0,0.1468,0.85,73.64,62.58,attack,False
16,2026-03-07 10:16:00,cart_service,0.3437,0.0453,0.1554,0.65,23.81,28.31,attack,False
16,2026-03-07 10:16:00,database,0.3585,0.0395,0.0,0.85,23.09,27.16,attack,False
17,2026-03-07 10:17:00,frontend,0.2382,0.036,0.4358,0.7,28.61,35.93,attack,False
17,2026-03-07 10:17:00,checkout_service,0.3818,0.0516,0.8467,0.9,46.02,46.83,attack,False
17,2026-03-07 10:17:00,payment_service,0.2915,0.0536,0.5302,0.95,36.67,38.03,attack,False
17,2026-03-07 10:17:00,auth_service,0.9001,1.0,0.157,0.85,74.18,66.56,attack,False
17,2026-03-07 10:17:00,cart_service,0.2369,0.0475,0.1662,0.65,21.49,28.72,attack,False
17,2026-03-07 10:17:00,database,0.3078,0.0259,0.0,0.85,21.35,27.55,attack,False
18,2026-03-07 10:18:00,frontend,0.2693,0.0251,0.4333,0.7,28.94,36.67,attack,False
18,2026-03-07 10:18:00,checkout_service,0.2425,0.0611,0.8316,0.9,42.49,48.22,attack,False
18,2026-03-07 10:18:00,payment_service,0.3147,0.0693,0.5341,0.95,37.9,39.37,attack,False
18,2026-03-07 10:18:00,auth_service,0.8858,1.0,0.1452,0.85,73.52,70.18,attack,False
18,2026-03-07 10:18:00,cart_service,0.3868,0.0388,0.1537,0.65,24.62,29.51,attack,False
18,2026-03-07 10:18:00,database,0.2593,0.0412,0.0,0.85,20.67,27.83,attack,False
19,2026-03-07 10:19:00,frontend,0.353,0.0206,0.4268,0.7,30.72,37.62,attack,False
19,2026-03-07 10:19:00,checkout_service,0.2816,0.0259,0.8573,0.9,42.88,49.58,attack,False
19,2026-03-07 10:19:00,payment_service,0.3384,0.0681,0.5293,0.95,38.33,40.75,attack,False
19,2026-03-07 10:19:00,auth_service,0.885,1.0,0.1406,0.85,73.39,73.52,attack,False
19,2026-03-07 10:19:00,cart_service,0.2693,0.0685,0.1488,0.65,22.6,30.01,attack,False
19,2026-03-07 10:19:00,database,0.2558,0.0696,0.0,0.85,21.58,28.19,attack,False
20,2026-03-07 10:20:00,frontend,0.2634,0.0462,0.4181,0.7,29.15,38.37,attack,False
20,2026-03-07 10:20:00,checkout_service,0.3309,0.0514,0.8469,0.9,44.74,51.18,attack,False
20,2026-03-07 10:20:00,payment_service,0.3194,0.034,0.5284,0.95,36.63,41.89,attack,False
20,2026-03-07 10:20:00,auth_service,0.8939,1.0,0.1467,0.85,73.76,76.63,attack,False
20,2026-03-07 10:20:00,cart_service,0.3111,0.0432,0.1554,0.65,22.92,30.51,attack,False
20,2026-03-07 10:20:00,database,0.279,0.0687,0.0,0.85,22.13,28.59,attack,False
21,2026-03-07 10:21:00,frontend,0.3791,0.0355,0.4326,0.7,32.03,39.4,attack,False
21,2026-03-07 10:21:00,checkout_service,0.3473,0.0655,0.8381,0.9,45.43,52.85,attack,False
21,2026-03-07 10:21:00,payment_service,0.3697,0.0507,0.5311,0.95,38.54,43.22,attack,False
21,2026-03-07 10:21:00,auth_service,0.9043,1.0,0.1505,0.85,74.12,79.52,attack,False
21,2026-03-07 10:21:00,cart_service,0.2252,0.0605,0.1593,0.65,21.48,30.78,attack,False
21,2026-03-07 10:21:00,database,0.367,0.039,0.0,0.85,23.29,29.1,attack,False
22,2026-03-07 10:22:00,frontend,0.3881,0.0434,0.4292,0.7,32.45,40.45,attack,False
22,2026-03-07 10:22:00,checkout_service,0.2783,0.0632,0.8454,0.9,43.8,54.26,attack,False
22,2026-03-07 10:22:00,payment_service,0.3765,0.0478,0.5337,0.95,38.68,44.52,attack,False
22,2026-03-07 10:22:00,auth_service,0.9061,1.0,0.1584,0.85,74.36,82.2,attack,False
22,2026-03-07 10:22:00,cart_service,0.2611,0.0677,0.1677,0.65,22.84,31.19,attack,False
22,2026-03-07 10:22:00,database,0.3211,0.0509,0.0,0.85,22.56,29.48,attack,False
23,2026-03-07 10:23:00,frontend,0.2833,0.046,0.4257,0.7,29.84,41.15,attack,False
23,2026-03-07 10:23:00,checkout_service,0.3555,0.0476,0.8566,0.9,45.47,55.8,attack,False
23,2026-03-07 10:23:00,payment_service,0.3252,0.0267,0.5354,0.95,36.7,45.53,attack,False
23,2026-03-07 10:23:00,auth_service,0.8891,1.0,0.1534,0.85,73.81,84.63,attack,False
23,2026-03-07 10:23:00,cart_service,0.3194,0.0207,0.1624,0.65,22.52,31.54,attack,False
23,2026-03-07 10:23:00,database,0.2878,0.0419,0.0,0.85,21.41,29.69,attack,False
24,2026-03-07 10:24:00,frontend,0.3594,0.0592,0.4353,0.7,32.44,42.11,attack,False
24,2026-03-07 10:24:00,checkout_service,0.3084,0.0675,0.8364,0.9,44.48,57.16,attack,False
24,2026-03-07 10:24:00,payment_service,0.2711,0.0329,0.5314,0.95,35.46,46.38,attack,False
24,2026-03-07 10:24:00,auth_service,0.8946,1.0,0.1456,0.85,73.75,86.87,attack,False
24,2026-03-07 10:24:00,cart_service,0.2816,0.0238,0.1542,0.65,21.48,31.78,attack,False
24,2026-03-07 10:24:00,database,0.2343,0.0269,0.0,0.85,19.55,29.66,attack,False
25,2026-03-07 10:25:00,frontend,0.3156,0.0648,0.4228,0.7,31.23,42.92,attack,False
25,2026-03-07 10:25:00,checkout_service,0.3012,0.0296,0.82,0.9,42.57,58.24,attack,False
25,2026-03-07 10:25:00,payment_service,0.2259,0.0289,0.531,0.95,34.18,47.06,attack,False
25,2026-03-07 10:25:00,auth_service,0.8616,1.0,0.1329,0.85,72.61,88.84,attack,False
25,2026-03-07 10:25:00,cart_service,0.2636,0.0545,0.1408,0.65,21.77,32.06,attack,False
25,2026-03-07 10:25:00,database,0.2554,0.0241,0.0,0.85,19.98,29.68,attack,False
26,2026-03-07 10:26:00,frontend,0.3585,0.0338,0.4114,0.7,30.93,43.69,attack,False
26,2026-03-07 10:26:00,checkout_service,0.3485,0.0305,0.8057,0.9,43.42,59.37,attack,False
26,2026-03-07 10:26:00,payment_service,0.294,0.0384,0.5228,0.95,36.01,47.96,attack,False
26,2026-03-07 10:26:00,auth_service,0.871,1.0,0.1359,0.85,72.92,90.69,attack,False
26,2026-03-07 10:26:00,cart_service,0.2917,0.0456,0.1439,0.65,22.24,32.38,attack,False
26,2026-03-07 10:26:00,database,0.3014,0.0466,0.0,0.85,21.92,29.94,attack,False
27,2026-03-07 10:27:00,frontend,0.2624,0.021,0.4198,0.7,28.29,44.09,attack,False
27,2026-03-07 10:27:00,checkout_service,0.2709,0.026,0.8244,0.9,41.79,60.17,attack,False
27,2026-03-07 10:27:00,payment_service,0.3681,0.0595,0.525,0.95,38.66,49.15,attack,False
27,2026-03-07 10:27:00,auth_service,0.8667,1.0,0.1491,0.85,73.14,92.37,attack,False
27,2026-03-07 10:27:00,cart_service,0.326,0.0264,0.1578,0.65,22.77,32.69,attack,False
27,2026-03-07 10:27:00,database,0.279,0.0485,0.0,0.85,21.42,30.11,attack,False
28,2026-03-07 10:28:00,frontend,0.3057,0.0319,0.4117,0.7,29.55,44.65,attack,False
28,2026-03-07 10:28:00,checkout_service,0.2338,0.028,0.8491,0.9,41.55,60.79,attack,False
28,2026-03-07 10:28:00,payment_service,0.2485,0.0648,0.5266,0.95,35.9,49.94,attack,False
28,2026-03-07 10:28:00,auth_service,0.8744,1.0,0.1457,0.85,73.25,93.95,attack,False
28,2026-03-07 10:28:00,cart_service,0.3604,0.0685,0.1542,0.65,25.01,33.27,attack,False
28,2026-03-07 10:28:00,database,0.3599,0.0285,0.0,0.85,22.74,30.44,attack,False
29,2026-03-07 10:29:00,frontend,0.345,0.0486,0.4226,0.7,31.39,45.38,attack,False
29,2026-03-07 10:29:00,checkout_service,0.2769,0.0362,0.8431,0.9,42.77,61.53,attack,False
29,2026-03-07 10:29:00,payment_service,0.2918,0.0257,0.5274,0.95,35.63,50.67,attack,False
29,2026-03-07 10:29:00,auth_service,0.8765,1.0,0.1546,0.85,73.53,95.41,attack,False
29,2026-03-07 10:29:00,cart_service,0.2602,0.0226,0.1637,0.65,21.14,33.31,attack,False
29,2026-03-07 10:29:00,database,0.263,0.0695,0.0,0.85,21.76,30.61,attack,False
30,2026-03-07 10:30:00,frontend,0.2861,0.0541,0.4092,0.7,29.78,45.91,attack,False
30,2026-03-07 10:30:00,checkout_service,0.3461,0.0406,0.8179,0.9,44.02,62.44,attack,False
30,2026-03-07 10:30:00,payment_service,0.3094,0.0683,0.5294,0.95,37.61,51.6,attack,False
30,2026-03-07 10:30:00,auth_service,0.8991,1.0,0.148,0.85,73.93,96.83,attack,False
30,2026-03-07 10:30:00,cart_service,0.2581,0.0487,0.1567,0.65,21.82,33.45,attack,False
30,2026-03-07 10:30:00,database,0.3532,0.0301,0.0,0.85,22.63,30.88,attack,False
31,2026-03-07 10:31:00,frontend,0.2606,0.0533,0.4215,0.7,29.42,46.33,attack,False
31,2026-03-07 10:31:00,checkout_service,0.3189,0.0396,0.8395,0.9,43.85,63.19,attack,False
31,2026-03-07 10:31:00,payment_service,0.3469,0.0431,0.5323,0.95,37.74,52.5,attack,False
31,2026-03-07 10:31:00,auth_service,0.8868,1.0,0.1539,0.85,73.77,98.11,attack,False
31,2026-03-07 10:31:00,cart_service,0.2795,0.0472,0.1629,0.65,22.46,33.65,attack,False
31,2026-03-07 10:31:00,database,0.3566,0.067,0.0,0.85,24.01,31.29,attack,False
32,2026-03-07 10:32:00,frontend,0.3124,0.0597,0.424,0.7,31.0,46.93,attack,False
32,2026-03-07 10:32:00,checkout_service,0.3371,0.0594,0.8437,0.9,45.1,64.01,attack,False
32,2026-03-07 10:32:00,payment_service,0.2463,0.0572,0.5311,0.95,35.69,53.1,attack,False
32,2026-03-07 10:32:00,auth_service,0.8881,1.0,0.1633,0.85,74.04,99.29,attack,False
32,2026-03-07 10:32:00,cart_service,0.3636,0.0255,0.1729,0.65,24.05,34.0,attack,False
32,2026-03-07 10:32:00,database,0.3431,0.0599,0.0,0.85,23.42,31.6,attack,False
33,2026-03-07 10:33:00,frontend,0.2577,0.056,0.4414,0.7,29.94,47.32,attack,False
33,2026-03-07 10:33:00,checkout_service,0.3348,0.0326,0.8398,0.9,44.01,64.65,attack,False
33,2026-03-07 10:33:00,payment_service,0.2902,0.0492,0.5331,0.95,36.55,53.79,attack,False
33,2026-03-07 10:33:00,auth_service,0.8933,1.0,0.1593,0.85,74.06,100.0,attack,False
33,2026-03-07 10:33:00,cart_service,0.2624,0.0506,0.1686,0.65,22.3,34.13,attack,False
33,2026-03-07 10:33:00,database,0.2635,0.0483,0.0,0.85,21.03,31.59,attack,False
34,2026-03-07 10:34:00,frontend,0.3524,0.0276,0.4241,0.7,30.88,47.86,attack,False
34,2026-03-07 10:34:00,checkout_service,0.3206,0.0568,0.8352,0.9,44.38,65.3,attack,False
34,2026-03-07 10:34:00,payment_service,0.3762,0.0257,0.5332,0.95,37.88,54.59,attack,False
34,2026-03-07 10:34:00,auth_service,0.8813,1.0,0.143,0.85,73.36,100.0,attack,False
34,2026-03-07 10:34:00,cart_service,0.3748,0.0496,0.1514,0.65,24.64,34.59,attack,False
34,2026-03-07 10:34:00,database,0.2778,0.0601,0.0,0.85,21.8,31.68,attack,False
35,2026-03-07 10:35:00,frontend,0.2291,0.0469,0.4398,0.7,28.86,48.09,attack,False
35,2026-03-07 10:35:00,checkout_service,0.3571,0.0569,0.8564,0.9,45.83,66.01,attack,False
35,2026-03-07 10:35:00,payment_service,0.2936,0.027,0.5282,0.95,35.74,55.09,attack,False
35,2026-03-07 10:35:00,auth_service,0.8745,1.0,0.1482,0.85,73.32,100.0,attack,False
35,2026-03-07 10:35:00,cart_service,0.3628,0.0516,0.157,0.65,24.55,34.98,attack,False
35,2026-03-07 10:35:00,database,0.2338,0.0681,0.0,0.85,20.98,31.66,attack,False
36,2026-03-07 10:36:00,frontend,0.244,0.0698,0.4491,0.7,30.27,48.46,stable,False
36,2026-03-07 10:36:00,checkout_service,0.3002,0.0575,0.8393,0.9,44.0,66.49,stable,False
36,2026-03-07 10:36:00,payment_service,0.271,0.0295,0.5279,0.95,35.26,55.49,stable,False
36,2026-03-07 10:36:00,auth_service,0.2433,0.0233,0.1427,0.85,23.22,95.0,stable,False
36,2026-03-07 10:36:00,cart_service,0.3457,0.042,0.1511,0.65,23.64,35.25,stable,False
36,2026-03-07 10:36:00,database,0.2873,0.0291,0.0,0.85,20.95,31.64,stable,False
37,2026-03-07 10:37:00,frontend,0.3656,0.0335,0.4316,0.7,31.6,49.03,stable,False
37,2026-03-07 10:37:00,checkout_service,0.3135,0.0278,0.5493,0.9,36.04,66.85,stable,False
37,2026-03-07 10:37:00,payment_service,0.3301,0.0311,0.1672,0.95,27.77,55.93,stable,False
37,2026-03-07 10:37:00,auth_service,0.262,0.0252,0.1425,0.85,23.74,90.47,stable,False
37,2026-03-07 10:37:00,cart_service,0.3451,0.0319,0.1508,0.65,23.26,35.45,stable,False
37,2026-03-07 10:37:00,database,0.2506,0.0628,0.0,0.85,21.21,31.66,stable,False
38,2026-03-07 10:38:00,frontend,0.3551,0.0302,0.3753,0.7,29.82,49.52,stable,False
38,2026-03-07 10:38:00,checkout_service,0.2775,0.0243,0.4929,0.9,33.61,67.05,stable,False
38,2026-03-07 10:38:00,payment_service,0.2441,0.0492,0.1709,0.95,26.35,56.06,stable,False
38,2026-03-07 10:38:00,auth_service,0.318,0.0371,0.1442,0.85,25.6,86.52,stable,False
38,2026-03-07 10:38:00,cart_service,0.2743,0.0334,0.1527,0.65,21.59,35.43,stable,False
38,2026-03-07 10:38:00,database,0.3252,0.0418,0.0,0.85,22.34,31.81,stable,False
39,2026-03-07 10:39:00,frontend,0.3005,0.027,0.3495,0.7,27.69,49.8,stable,False
39,2026-03-07 10:39:00,checkout_service,0.3681,0.06,0.4818,0.9,36.85,67.66,stable,False
39,2026-03-07 10:39:00,payment_service,0.2787,0.0471,0.1843,0.95,27.47,56.19,stable,False
39,2026-03-07 10:39:00,auth_service,0.311,0.0617,0.1519,0.85,26.48,82.97,stable,False
39,2026-03-07 10:39:00,cart_service,0.3654,0.0336,0.1608,0.65,24.08,35.69,stable,False
39,2026-03-07 10:39:00,database,0.2404,0.0488,0.0,0.85,20.47,31.72,stable,False
40,2026-03-07 10:40:00,frontend,0.2833,0.0615,0.3854,0.7,29.37,50.16,stable,False
40,2026-03-07 10:40:00,checkout_service,0.2421,0.065,0.5112,0.9,34.61,67.87,stable,False
40,2026-03-07 10:40:00,payment_service,0.3641,0.0533,0.1907,0.95,29.99,56.51,stable,False
40,2026-03-07 10:40:00,auth_service,0.2727,0.0392,0.1392,0.85,24.42,79.49,stable,False
40,2026-03-07 10:40:00,cart_service,0.2899,0.0569,0.1474,0.65,22.67,35.8,stable,False
40,2026-03-07 10:40:00,database,0.2446,0.0395,0.0,0.85,20.25,31.61,stable,False
41,2026-03-07 10:41:00,frontend,0.2816,0.0349,0.3623,0.7,27.82,50.39,stable,False
41,2026-03-07 10:41:00,checkout_service,0.3222,0.0668,0.5098,0.9,36.64,68.31,stable,False
41,2026-03-07 10:41:00,payment_service,0.3205,0.0331,0.1758,0.95,27.82,56.52,stable,False
41,2026-03-07 10:41:00,auth_service,0.3099,0.0498,0.1377,0.85,25.68,76.45,stable,False
41,2026-03-07 10:41:00,cart_service,0.2825,0.0238,0.1458,0.65,21.29,35.74,stable,False
41,2026-03-07 10:41:00,database,0.3449,0.0417,0.0,0.85,22.83,31.82,stable,False
42,2026-03-07 10:42:00,frontend,0.2911,0.0547,0.3684,0.7,28.9,50.71,recovery,True
42,2026-03-07 10:42:00,checkout_service,0.2756,0.0246,0.4915,0.9,33.54,68.39,recovery,True
42,2026-03-07 10:42:00,payment_service,0.3668,0.0423,0.1849,0.95,29.52,50.39,recovery,True
42,2026-03-07 10:42:00,auth_service,0.2765,0.0566,0.1552,0.85,25.52,64.83,recovery,True
42,2026-03-07 10:42:00,cart_service,0.3594,0.0625,0.1644,0.65,25.03,36.08,recovery,True
42,2026-03-07 10:42:00,database,0.2653,0.0694,0.0,0.85,21.81,31.89,recovery,True
43,2026-03-07 10:43:00,frontend,0.3615,0.0663,0.3682,0.7,31.06,51.28,recovery,True
43,2026-03-07 10:43:00,checkout_service,0.2778,0.0217,0.5275,0.9,34.39,68.4,recovery,True
43,2026-03-07 10:43:00,payment_service,0.3419,0.0686,0.1837,0.95,29.79,44.53,recovery,True
43,2026-03-07 10:43:00,auth_service,0.3764,0.0622,0.1483,0.85,28.04,54.46,recovery,True
43,2026-03-07 10:43:00,cart_service,0.28,0.0498,0.157,0.65,22.42,36.1,recovery,True
43,2026-03-07 10:43:00,database,0.2472,0.0548,0.0,0.85,20.85,31.84,recovery,True
44,2026-03-07 10:44:00,frontend,0.2808,0.0358,0.3594,0.7,27.76,51.43,recovery,True
44,2026-03-07 10:44:00,checkout_service,0.3177,0.0513,0.5269,0.9,36.41,68.34,recovery,True
44,2026-03-07 10:44:00,payment_service,0.3567,0.0212,0.2019,0.95,28.96,38.76,recovery,True
44,2026-03-07 10:44:00,auth_service,0.3559,0.0464,0.1418,0.85,26.82,44.8,recovery,True
44,2026-03-07 10:44:00,cart_service,0.3872,0.0375,0.1501,0.65,24.5,36.39,recovery,True
44,2026-03-07 10:44:00,database,0.3421,0.0514,0.0,0.85,23.1,32.07,recovery,True
45,2026-03-07 10:45:00,frontend,0.378,0.0409,0.3848,0.7,31.0,51.89,recovery,True
45,2026-03-07 10:45:00,checkout_service,0.2977,0.0255,0.5271,0.9,35.01,67.83,recovery,True
45,2026-03-07 10:45:00,payment_service,0.2769,0.0317,0.1931,0.95,27.11,33.05,recovery,True
45,2026-03-07 10:45:00,auth_service,0.2432,0.0414,0.1571,0.85,24.21,35.55,recovery,True
45,2026-03-07 10:45:00,cart_service,0.2902,0.0675,0.1663,0.65,23.53,36.49,recovery,True
45,2026-03-07 10:45:00,database,0.3347,0.064,0.0,0.85,23.36,32.31,recovery,True
46,2026-03-07 10:46:00,frontend,0.3701,0.0284,0.3698,0.7,29.99,52.22,recovery,True
46,2026-03-07 10:46:00,checkout_service,0.3782,0.0525,0.4922,0.9,37.1,67.43,recovery,True
46,2026-03-07 10:46:00,payment_service,0.317,0.0288,0.1743,0.95,27.54,27.71,recovery,True
46,2026-03-07 10:46:00,auth_service,0.2686,0.0375,0.1588,0.85,24.75,27.11,recovery,True
46,2026-03-07 10:46:00,cart_service,0.2707,0.0664,0.1682,0.65,23.05,36.53,recovery,True
46,2026-03-07 10:46:00,database,0.3635,0.0579,0.0,0.85,23.86,32.59,recovery,True
47,2026-03-07 10:47:00,frontend,0.335,0.0312,0.3814,0.7,29.5,52.43,recovery,True
47,2026-03-07 10:47:00,checkout_service,0.2738,0.049,0.4954,0.9,34.45,66.47,recovery,True
47,2026-03-07 10:47:00,payment_service,0.2547,0.0265,0.1782,0.95,26.0,22.41,recovery,True
47,2026-03-07 10:47:00,auth_service,0.3815,0.0605,0.1622,0.85,28.46,19.78,recovery,True
47,2026-03-07 10:47:00,cart_service,0.3206,0.0404,0.1718,0.65,23.47,36.62,recovery,True
47,2026-03-07 10:47:00,database,0.291,0.0448,0.0,0.85,21.59,32.57,recovery,True
48,2026-03-07 10:48:00,frontend,0.246,0.0238,0.3657,0.7,26.63,52.3,recovery,True
48,2026-03-07 10:48:00,checkout_service,0.3555,0.0496,0.5072,0.9,36.8,65.59,recovery,True
48,2026-03-07 10:48:00,payment_service,0.3534,0.0483,0.2049,0.95,29.9,17.77,recovery,True
48,2026-03-07 10:48:00,auth_service,0.2956,0.0529,0.1468,0.85,25.66,12.75,recovery,True
48,2026-03-07 10:48:00,cart_service,0.3707,0.0619,0.1554,0.65,25.07,36.93,recovery,True
48,2026-03-07 10:48:00,database,0.3439,0.0576,0.0,0.85,23.36,32.77,recovery,True
49,2026-03-07 10:49:00,frontend,0.2824,0.0215,0.3906,0.7,28.08,52.28,recovery,True
49,2026-03-07 10:49:00,checkout_service,0.3388,0.0572,0.5314,0.9,37.26,64.55,recovery,True
49,2026-03-07 10:49:00,payment_service,0.2797,0.0454,0.1848,0.95,27.45,13.11,recovery,True
49,2026-03-07 10:49:00,auth_service,0.2347,0.0691,0.1588,0.85,25.01,8.0,recovery,True
49,2026-03-07 10:49:00,cart_service,0.3244,0.047,0.1682,0.65,23.71,37.03,recovery,True
49,2026-03-07 10:49:00,database,0.3434,0.0471,0.0,0.85,22.98,32.9,recovery,True
50,2026-03-07 10:50:00,frontend,0.3697,0.0666,0.3861,0.7,31.73,52.68,recovery,True
50,2026-03-07 10:50:00,checkout_service,0.2706,0.0234,0.5004,0.9,33.59,63.06,recovery,True
50,2026-03-07 10:50:00,payment_service,0.2747,0.0491,0.1801,0.95,27.34,8.73,recovery,True
50,2026-03-07 10:50:00,auth_service,0.2781,0.0636,0.1563,0.85,25.84,8.0,recovery,True
50,2026-03-07 10:50:00,cart_service,0.3895,0.0265,0.1655,0.65,24.55,37.22,recovery,True
50,2026-03-07 10:50:00,database,0.3185,0.0362,0.0,0.85,21.98,32.91,recovery,True
51,2026-03-07 10:51:00,frontend,0.3201,0.0423,0.3659,0.7,29.13,52.78,recovery,True
51,2026-03-07 10:51:00,checkout_service,0.2894,0.0426,0.5096,0.9,34.97,61.73,recovery,True
51,2026-03-07 10:51:00,payment_service,0.2755,0.031,0.186,0.95,26.87,8.0,recovery,True
51,2026-03-07 10:51:00,auth_service,0.2591,0.0337,0.1495,0.85,24.14,8.0,recovery,True
51,2026-03-07 10:51:00,cart_service,0.3582,0.0672,0.1583,0.65,25.01,37.48,recovery,True
51,2026-03-07 10:51:00,database,0.2991,0.0337,0.0,0.85,21.41,32.85,recovery,True
52,2026-03-07 10:52:00,frontend,0.3806,0.0315,0.3779,0.7,30.56,52.98,recovery,True
52,2026-03-07 10:52:00,checkout_service,0.2591,0.0384,0.4995,0.9,33.81,60.39,recovery,True
52,2026-03-07 10:52:00,payment_service,0.369,0.0293,0.1738,0.95,28.85,8.0,recovery,True
52,2026-03-07 10:52:00,auth_service,0.3723,0.0622,0.1456,0.85,27.87,8.0,recovery,True
52,2026-03-07 10:52:00,cart_service,0.338,0.0216,0.1542,0.65,22.81,37.47,recovery,True
52,2026-03-07 10:52:00,database,0.3754,0.0441,0.0,0.85,23.68,33.06,recovery,True
53,2026-03-07 10:53:00,frontend,0.2487,0.0415,0.3576,0.7,27.11,52.78,recovery,True
53,2026-03-07 10:53:00,checkout_service,0.2535,0.0491,0.5213,0.9,34.59,59.18,recovery,True
53,2026-03-07 10:53:00,payment_service,0.2797,0.0428,0.2007,0.95,27.76,8.0,recovery,True
53,2026-03-07 10:53:00,auth_service,0.2219,0.044,0.161,0.85,23.86,8.0,recovery,True
53,2026-03-07 10:53:00,cart_service,0.3226,0.063,0.1705,0.65,24.28,37.59,recovery,True
53,2026-03-07 10:53:00,database,0.3342,0.0252,0.0,0.85,21.99,33.05,recovery,True
54,2026-03-07 10:54:00,frontend,0.2764,0.0449,0.3712,0.7,28.26,52.68,recovery,True
54,2026-03-07 10:54:00,checkout_service,0.3324,0.0205,0.5,0.9,35.03,58.19,recovery,True
54,2026-03-07 10:54:00,payment_service,0.2735,0.0375,0.1718,0.95,26.7,8.0,recovery,True
54,2026-03-07 10:54:00,auth_service,0.2256,0.0266,0.1495,0.85,23.06,8.0,recovery,True
54,2026-03-07 10:54:00,cart_service,0.3318,0.03,0.1583,0.65,23.05,37.59,recovery,True
54,2026-03-07 10:54:00,database,0.2541,0.0553,0.0,0.85,21.04,32.93,recovery,True
55,2026-03-07 10:55:00,frontend,0.2411,0.0471,0.3673,0.7,27.36,52.46,recovery,True
55,2026-03-07 10:55:00,checkout_service,0.3529,0.0601,0.4796,0.9,36.42,57.5,recovery,True
55,2026-03-07 10:55:00,payment_service,0.2837,0.0647,0.166,0.95,27.76,8.0,recovery,True
55,2026-03-07 10:55:00,auth_service,0.3231,0.0522,0.1431,0.85,26.23,8.0,recovery,True
55,2026-03-07 10:55:00,cart_service,0.3078,0.023,0.1515,0.65,22.04,37.48,recovery,True
55,2026-03-07 10:55:00,database,0.2743,0.031,0.0,0.85,20.69,32.78,recovery,True
56,2026-03-07 10:56:00,frontend,0.3598,0.0595,0.3711,0.7,30.86,52.66,recovery,True
56,2026-03-07 10:56:00,checkout_service,0.3323,0.056,0.4989,0.9,36.24,56.79,recovery,True
56,2026-03-07 10:56:00,payment_service,0.2985,0.0525,0.1889,0.95,28.27,8.0,recovery,True
56,2026-03-07 10:56:00,auth_service,0.2592,0.0215,0.1407,0.85,23.5,8.0,recovery,True
56,2026-03-07 10:56:00,cart_service,0.2845,0.0564,0.149,0.65,22.56,37.45,recovery,True
56,2026-03-07 10:56:00,database,0.336,0.0386,0.0,0.85,22.5,32.86,recovery,True
57,2026-03-07 10:57:00,frontend,0.3711,0.0489,0.3728,0.7,30.81,52.81,recovery,True
57,2026-03-07 10:57:00,checkout_service,0.3066,0.0637,0.4908,0.9,35.66,56.09,recovery,True
57,2026-03-07 10:57:00,payment_service,0.3547,0.0496,0.1692,0.95,29.08,8.0,recovery,True
57,2026-03-07 10:57:00,auth_service,0.3597,0.0516,0.153,0.85,27.37,8.0,recovery,True
57,2026-03-07 10:57:00,cart_service,0.3367,0.0655,0.162,0.65,24.51,37.62,recovery,True
57,2026-03-07 10:57:00,database,0.2697,0.029,0.0,0.85,20.51,32.69,recovery,True
58,2026-03-07 10:58:00,frontend,0.3498,0.0635,0.3797,0.7,30.96,52.94,recovery,True
58,2026-03-07 10:58:00,checkout_service,0.2981,0.0496,0.5311,0.9,35.97,55.36,recovery,True
58,2026-03-07 10:58:00,payment_service,0.2718,0.0329,0.1971,0.95,27.12,8.0,recovery,True
58,2026-03-07 10:58:00,auth_service,0.3332,0.0265,0.1395,0.85,25.5,8.0,recovery,True
58,2026-03-07 10:58:00,cart_service,0.3634,0.0237,0.1477,0.65,23.36,37.68,recovery,True
58,2026-03-07 10:58:00,database,0.2579,0.0614,0.0,0.85,21.35,32.64,recovery,True
59,2026-03-07 10:59:00,frontend,0.2959,0.0553,0.3754,0.7,29.22,52.85,recovery,True
59,2026-03-07 10:59:00,checkout_service,0.2378,0.0568,0.4984,0.9,33.89,54.55,recovery,True
59,2026-03-07 10:59:00,payment_service,0.34,0.0603,0.1836,0.95,29.45,8.0,recovery,True
59,2026-03-07 10:59:00,auth_service,0.323,0.0256,0.1452,0.85,25.35,8.0,recovery,True
59,2026-03-07 10:59:00,cart_service,0.2647,0.0668,0.1537,0.65,22.55,37.61,recovery,True
59,2026-03-07 10:59:00,database,0.2296,0.0667,0.0,0.85,20.82,32.53,recovery,True
